dataset,dimension,degradation_level,repetition,miner,input_file,model_name,events_before,events_after,dropped_events,cases_before,cases_after,activities_before,activities_after,fitness,precision,generalization,simplicity,average_score,places,transitions,visible_transitions,hidden_transitions,unique_visible_transition_labels,duplicate_visible_transition_labels,arcs,pnml_path,visualization_path,pnml_saved,visualization_saved,visualization_error,pnml_error,status,error
bpi2019_1000,baseline,0,0,alpha,data/prepared/bpi2019_baseline_1000_cases.csv,bpi2019_1000_baseline_0_r0_alpha,6764,6764,0,1000,1000,30,30,,0.2385398981324278,0.6923414527867711,0.6619718309859156,0.4788564931486738,17,30,30,0,30,0,59,experiments\process_discovery\results\models\pnml\bpi2019_1000_baseline_0_r0_alpha.pnml,experiments\process_discovery\results\figures\model_visualizations\bpi2019_1000_baseline_0_r0_alpha.png,True,True,,,ok,
bpi2019_1000,baseline,0,0,heuristics,data/prepared/bpi2019_baseline_1000_cases.csv,bpi2019_1000_baseline_0_r0_heuristics,6764,6764,0,1000,1000,30,30,,0.6415923800219807,0.5426960225757932,0.4984709480122324,0.659530749225441,55,108,30,78,30,0,245,experiments\process_discovery\results\models\pnml\bpi2019_1000_baseline_0_r0_heuristics.pnml,experiments\process_discovery\results\figures\model_visualizations\bpi2019_1000_baseline_0_r0_heuristics.png,True,True,,,ok,
bpi2019_1000,baseline,0,0,inductive,data/prepared/bpi2019_baseline_1000_cases.csv,bpi2019_1000_baseline_0_r0_inductive,6764,6764,0,1000,1000,30,30,,0.2622341167874822,0.7733521010931702,0.6206896551724138,0.6640689682632666,58,86,30,56,30,0,188,experiments\process_discovery\results\models\pnml\bpi2019_1000_baseline_0_r0_inductive.pnml,experiments\process_discovery\results\figures\model_visualizations\bpi2019_1000_baseline_0_r0_inductive.png,True,True,,,ok,
bpi2019_1000,accuracy,10,1,alpha,data\degraded\accuracy\accuracy_10_r1.csv,bpi2019_1000_accuracy_10_r1_alpha,6764,6764,0,999,999,30,30,,0.9513928244474475,0.8443365824873692,0.2865497076023392,0.5805344573863005,19,30,30,0,30,0,110,experiments\process_discovery\results\models\pnml\bpi2019_1000_accuracy_10_r1_alpha.pnml,experiments\process_discovery\results\figures\model_visualizations\bpi2019_1000_accuracy_10_r1_alpha.png,True,True,,,ok,
bpi2019_1000,accuracy,10,1,heuristics,data\degraded\accuracy\accuracy_10_r1.csv,bpi2019_1000_accuracy_10_r1_heuristics,6764,6764,0,999,999,30,30,,0.853343502435664,0.3974320154180542,0.4193548387096774,0.6286519593950547,130,312,30,282,30,0,748,experiments\process_discovery\results\models\pnml\bpi2019_1000_accuracy_10_r1_heuristics.pnml,experiments\process_discovery\results\figures\model_visualizations\bpi2019_1000_accuracy_10_r1_heuristics.png,True,True,,,ok,
bpi2019_1000,accuracy,10,1,inductive,data\degraded\accuracy\accuracy_10_r1.csv,bpi2019_1000_accuracy_10_r1_inductive,6764,6764,0,999,999,30,30,,0.3782055156020225,0.835533187054325,0.5033557046979865,0.6792736018385835,22,53,30,23,30,0,112,experiments\process_discovery\results\models\pnml\bpi2019_1000_accuracy_10_r1_inductive.pnml,experiments\process_discovery\results\figures\model_visualizations\bpi2019_1000_accuracy_10_r1_inductive.png,True,True,,,ok,
bpi2019_1000,accuracy,10,2,alpha,data\degraded\accuracy\accuracy_10_r2.csv,bpi2019_1000_accuracy_10_r2_alpha,6764,6764,0,1000,1000,30,30,,1.0,0.8427313982991738,0.2688172043010753,0.5868112284174875,20,30,30,0,30,0,118,experiments\process_discovery\results\models\pnml\bpi2019_1000_accuracy_10_r2_alpha.pnml,experiments\process_discovery\results\figures\model_visualizations\bpi2019_1000_accuracy_10_r2_alpha.png,True,True,,,ok,
bpi2019_1000,accuracy,10,2,heuristics,data\degraded\accuracy\accuracy_10_r2.csv,bpi2019_1000_accuracy_10_r2_heuristics,6764,6764,0,1000,1000,30,30,,0.750538380114611,0.4209531169612635,0.4280155642023346,0.6145707020240314,130,310,30,280,30,0,734,experiments\process_discovery\results\models\pnml\bpi2019_1000_accuracy_10_r2_heuristics.pnml,experiments\process_discovery\results\figures\model_visualizations\bpi2019_1000_accuracy_10_r2_heuristics.png,True,True,,,ok,
bpi2019_1000,accuracy,10,2,inductive,data\degraded\accuracy\accuracy_10_r2.csv,bpi2019_1000_accuracy_10_r2_inductive,6764,6764,0,1000,1000,30,30,,0.3716775276461295,0.8586076547940934,0.4020618556701031,0.6580867595275814,5,34,30,4,30,0,68,experiments\process_discovery\results\models\pnml\bpi2019_1000_accuracy_10_r2_inductive.pnml,experiments\process_discovery\results\figures\model_visualizations\bpi2019_1000_accuracy_10_r2_inductive.png,True,True,,,ok,
bpi2019_1000,accuracy,10,3,alpha,data\degraded\accuracy\accuracy_10_r3.csv,bpi2019_1000_accuracy_10_r3_alpha,6764,6764,0,999,999,30,30,,0.9366440933032356,0.8452567371418134,0.2837837837837837,0.5773465970792515,12,30,30,0,30,0,95,experiments\process_discovery\results\models\pnml\bpi2019_1000_accuracy_10_r3_alpha.pnml,experiments\process_discovery\results\figures\model_visualizations\bpi2019_1000_accuracy_10_r3_alpha.png,True,True,,,ok,
bpi2019_1000,accuracy,10,3,heuristics,data\degraded\accuracy\accuracy_10_r3.csv,bpi2019_1000_accuracy_10_r3_heuristics,6764,6764,0,999,999,30,30,,0.7900635626530108,0.4347637116599253,0.4247144340602284,0.6178373144667918,114,295,30,265,30,0,686,experiments\process_discovery\results\models\pnml\bpi2019_1000_accuracy_10_r3_heuristics.pnml,experiments\process_discovery\results\figures\model_visualizations\bpi2019_1000_accuracy_10_r3_heuristics.png,True,True,,,ok,
bpi2019_1000,accuracy,10,3,inductive,data\degraded\accuracy\accuracy_10_r3.csv,bpi2019_1000_accuracy_10_r3_inductive,6764,6764,0,999,999,30,30,,0.3755199049316696,0.8523433237217031,0.5121951219512195,0.6850145876511481,27,57,30,27,30,0,124,experiments\process_discovery\results\models\pnml\bpi2019_1000_accuracy_10_r3_inductive.pnml,experiments\process_discovery\results\figures\model_visualizations\bpi2019_1000_accuracy_10_r3_inductive.png,True,True,,,ok,
bpi2019_1000,accuracy,10,4,alpha,data\degraded\accuracy\accuracy_10_r4.csv,bpi2019_1000_accuracy_10_r4_alpha,6764,6764,0,1000,1000,30,30,,1.0,0.8465001915712351,0.247787610619469,0.5803839565735335,26,30,30,0,30,0,141,experiments\process_discovery\results\models\pnml\bpi2019_1000_accuracy_10_r4_alpha.pnml,experiments\process_discovery\results\figures\model_visualizations\bpi2019_1000_accuracy_10_r4_alpha.png,True,True,,,ok,
bpi2019_1000,accuracy,10,4,heuristics,data\degraded\accuracy\accuracy_10_r4.csv,bpi2019_1000_accuracy_10_r4_heuristics,6764,6764,0,1000,1000,30,30,,0.7203255224599789,0.4154975830044735,0.4201520912547528,0.602512831226065,128,314,30,284,30,0,747,experiments\process_discovery\results\models\pnml\bpi2019_1000_accuracy_10_r4_heuristics.pnml,experiments\process_discovery\results\figures\model_visualizations\bpi2019_1000_accuracy_10_r4_heuristics.png,True,True,,,ok,
bpi2019_1000,accuracy,10,4,inductive,data\degraded\accuracy\accuracy_10_r4.csv,bpi2019_1000_accuracy_10_r4_inductive,6764,6764,0,1000,1000,30,30,,0.3721070389416641,0.8720869121965645,0.4339622641509434,0.6695390538222931,9,37,30,7,30,0,76,experiments\process_discovery\results\models\pnml\bpi2019_1000_accuracy_10_r4_inductive.pnml,experiments\process_discovery\results\figures\model_visualizations\bpi2019_1000_accuracy_10_r4_inductive.png,True,True,,,ok,
bpi2019_1000,accuracy,10,5,alpha,data\degraded\accuracy\accuracy_10_r5.csv,bpi2019_1000_accuracy_10_r5_alpha,6764,6764,0,1000,1000,30,30,,1.0,0.8479253385574369,0.2477064220183486,0.5803338329876199,24,30,30,0,30,0,136,experiments\process_discovery\results\models\pnml\bpi2019_1000_accuracy_10_r5_alpha.pnml,experiments\process_discovery\results\figures\model_visualizations\bpi2019_1000_accuracy_10_r5_alpha.png,True,True,,,ok,
bpi2019_1000,accuracy,10,5,heuristics,data\degraded\accuracy\accuracy_10_r5.csv,bpi2019_1000_accuracy_10_r5_heuristics,6764,6764,0,1000,1000,30,30,,0.7967243064111824,0.4174756056858374,0.4146788990825688,0.6160747120522699,130,322,30,292,30,0,771,experiments\process_discovery\results\models\pnml\bpi2019_1000_accuracy_10_r5_heuristics.pnml,experiments\process_discovery\results\figures\model_visualizations\bpi2019_1000_accuracy_10_r5_heuristics.png,True,True,,,ok,
bpi2019_1000,accuracy,10,5,inductive,data\degraded\accuracy\accuracy_10_r5.csv,bpi2019_1000_accuracy_10_r5_inductive,6764,6764,0,1000,1000,30,30,,0.3724427706468882,0.8553906317243851,0.5280898876404494,0.6889808225029308,31,63,30,33,30,0,136,experiments\process_discovery\results\models\pnml\bpi2019_1000_accuracy_10_r5_inductive.pnml,experiments\process_discovery\results\figures\model_visualizations\bpi2019_1000_accuracy_10_r5_inductive.png,True,True,,,ok,
bpi2019_1000,accuracy,20,1,alpha,data\degraded\accuracy\accuracy_20_r1.csv,bpi2019_1000_accuracy_20_r1_alpha,6764,6764,0,998,998,30,30,,1.0,0.8758665302257964,0.2369477911646586,0.5846601116746015,29,30,30,0,30,0,154,experiments\process_discovery\results\models\pnml\bpi2019_1000_accuracy_20_r1_alpha.pnml,experiments\process_discovery\results\figures\model_visualizations\bpi2019_1000_accuracy_20_r1_alpha.png,True,True,,,ok,
bpi2019_1000,accuracy,20,1,heuristics,data\degraded\accuracy\accuracy_20_r1.csv,bpi2019_1000_accuracy_20_r1_heuristics,6764,6764,0,998,998,30,30,,0.774048873981792,0.4559317569425549,0.40625,0.6139349006369482,183,415,30,385,30,0,1035,experiments\process_discovery\results\models\pnml\bpi2019_1000_accuracy_20_r1_heuristics.pnml,experiments\process_discovery\results\figures\model_visualizations\bpi2019_1000_accuracy_20_r1_heuristics.png,True,True,,,ok,
bpi2019_1000,accuracy,20,1,inductive,data\degraded\accuracy\accuracy_20_r1.csv,bpi2019_1000_accuracy_20_r1_inductive,6764,6764,0,998,998,30,30,,0.3611226098955253,0.8753960004331385,0.5384615384615384,0.6937450371975505,36,69,30,39,30,0,150,experiments\process_discovery\results\models\pnml\bpi2019_1000_accuracy_20_r1_inductive.pnml,experiments\process_discovery\results\figures\model_visualizations\bpi2019_1000_accuracy_20_r1_inductive.png,True,True,,,ok,
bpi2019_1000,accuracy,20,2,alpha,data\degraded\accuracy\accuracy_20_r2.csv,bpi2019_1000_accuracy_20_r2_alpha,6764,6764,0,1000,1000,30,30,,1.0,0.8783218669533748,0.2432432432432432,0.5900311982723755,24,30,30,0,30,0,138,experiments\process_discovery\results\models\pnml\bpi2019_1000_accuracy_20_r2_alpha.pnml,experiments\process_discovery\results\figures\model_visualizations\bpi2019_1000_accuracy_20_r2_alpha.png,True,True,,,ok,
bpi2019_1000,accuracy,20,2,heuristics,data\degraded\accuracy\accuracy_20_r2.csv,bpi2019_1000_accuracy_20_r2_heuristics,6764,6764,0,1000,1000,30,30,,0.8076194983435874,0.4559163349560642,0.4076607387140902,0.6144372111751895,178,418,30,388,30,0,1029,experiments\process_discovery\results\models\pnml\bpi2019_1000_accuracy_20_r2_heuristics.pnml,experiments\process_discovery\results\figures\model_visualizations\bpi2019_1000_accuracy_20_r2_heuristics.png,True,True,,,ok,
bpi2019_1000,accuracy,20,2,inductive,data\degraded\accuracy\accuracy_20_r2.csv,bpi2019_1000_accuracy_20_r2_inductive,6764,6764,0,1000,1000,30,30,,0.353725606150207,0.8751358948763188,0.5319148936170213,0.6901940986608868,34,66,30,36,30,0,144,experiments\process_discovery\results\models\pnml\bpi2019_1000_accuracy_20_r2_inductive.pnml,experiments\process_discovery\results\figures\model_visualizations\bpi2019_1000_accuracy_20_r2_inductive.png,True,True,,,ok,
bpi2019_1000,accuracy,20,3,alpha,data\degraded\accuracy\accuracy_20_r3.csv,bpi2019_1000_accuracy_20_r3_alpha,6764,6764,0,999,999,30,30,,1.0,0.8762868319775632,0.2338709677419355,0.5858016091993385,28,30,30,0,30,0,153,experiments\process_discovery\results\models\pnml\bpi2019_1000_accuracy_20_r3_alpha.pnml,experiments\process_discovery\results\figures\model_visualizations\bpi2019_1000_accuracy_20_r3_alpha.png,True,True,,,ok,
bpi2019_1000,accuracy,20,3,heuristics,data\degraded\accuracy\accuracy_20_r3.csv,bpi2019_1000_accuracy_20_r3_heuristics,6764,6764,0,999,999,30,30,,0.80626879718477,0.4570593438735181,0.3977433004231312,0.6204723877722884,165,399,30,369,30,0,991,experiments\process_discovery\results\models\pnml\bpi2019_1000_accuracy_20_r3_heuristics.pnml,experiments\process_discovery\results\figures\model_visualizations\bpi2019_1000_accuracy_20_r3_heuristics.png,True,True,,,ok,
bpi2019_1000,accuracy,20,3,inductive,data\degraded\accuracy\accuracy_20_r3.csv,bpi2019_1000_accuracy_20_r3_inductive,6764,6764,0,999,999,30,30,,0.3702884923175416,0.8470265619078874,0.5431472081218275,0.6901155655868141,37,70,30,40,30,0,152,experiments\process_discovery\results\models\pnml\bpi2019_1000_accuracy_20_r3_inductive.pnml,experiments\process_discovery\results\figures\model_visualizations\bpi2019_1000_accuracy_20_r3_inductive.png,True,True,,,ok,
bpi2019_1000,accuracy,20,4,alpha,data\degraded\accuracy\accuracy_20_r4.csv,bpi2019_1000_accuracy_20_r4_alpha,6764,6764,0,1000,1000,30,30,,1.0,0.8776873834595967,0.2538461538461538,0.5896778230545991,36,30,30,0,30,0,163,experiments\process_discovery\results\models\pnml\bpi2019_1000_accuracy_20_r4_alpha.pnml,experiments\process_discovery\results\figures\model_visualizations\bpi2019_1000_accuracy_20_r4_alpha.png,True,True,,,ok,
bpi2019_1000,accuracy,20,4,heuristics,data\degraded\accuracy\accuracy_20_r4.csv,bpi2019_1000_accuracy_20_r4_heuristics,6764,6764,0,1000,1000,30,30,,0.8212054066031464,0.4667523439772045,0.401920438957476,0.6224421523069659,178,408,30,378,30,0,1022,experiments\process_discovery\results\models\pnml\bpi2019_1000_accuracy_20_r4_heuristics.pnml,experiments\process_discovery\results\figures\model_visualizations\bpi2019_1000_accuracy_20_r4_heuristics.png,True,True,,,ok,
bpi2019_1000,accuracy,20,4,inductive,data\degraded\accuracy\accuracy_20_r4.csv,bpi2019_1000_accuracy_20_r4_inductive,6764,6764,0,1000,1000,30,30,,0.3561502069781195,0.8837670554012045,0.5525114155251142,0.6981071694761095,44,77,30,47,30,0,170,experiments\process_discovery\results\models\pnml\bpi2019_1000_accuracy_20_r4_inductive.pnml,experiments\process_discovery\results\figures\model_visualizations\bpi2019_1000_accuracy_20_r4_inductive.png,True,True,,,ok,
bpi2019_1000,accuracy,20,5,alpha,data\degraded\accuracy\accuracy_20_r5.csv,bpi2019_1000_accuracy_20_r5_alpha,6764,6764,0,999,999,30,30,,1.0,0.878789915143833,0.2261904761904761,0.5796433370741477,46,30,30,0,30,0,206,experiments\process_discovery\results\models\pnml\bpi2019_1000_accuracy_20_r5_alpha.pnml,experiments\process_discovery\results\figures\model_visualizations\bpi2019_1000_accuracy_20_r5_alpha.png,True,True,,,ok,
bpi2019_1000,accuracy,20,5,heuristics,data\degraded\accuracy\accuracy_20_r5.csv,bpi2019_1000_accuracy_20_r5_heuristics,6764,6764,0,999,999,30,30,,0.7717179741807348,0.4577002261822209,0.400593471810089,0.6106274973000727,159,381,30,351,30,0,944,experiments\process_discovery\results\models\pnml\bpi2019_1000_accuracy_20_r5_heuristics.pnml,experiments\process_discovery\results\figures\model_visualizations\bpi2019_1000_accuracy_20_r5_heuristics.png,True,True,,,ok,
bpi2019_1000,accuracy,20,5,inductive,data\degraded\accuracy\accuracy_20_r5.csv,bpi2019_1000_accuracy_20_r5_inductive,6764,6764,0,999,999,30,30,,0.3559087325054209,0.8865978872101198,0.5031847133757962,0.6864228332728343,24,55,30,25,30,0,118,experiments\process_discovery\results\models\pnml\bpi2019_1000_accuracy_20_r5_inductive.pnml,experiments\process_discovery\results\figures\model_visualizations\bpi2019_1000_accuracy_20_r5_inductive.png,True,True,,,ok,
bpi2019_1000,accuracy,30,1,alpha,data\degraded\accuracy\accuracy_30_r1.csv,bpi2019_1000_accuracy_30_r1_alpha,6764,6764,0,999,999,30,30,,1.0,0.8938799707145599,0.2947976878612716,0.6048878225771123,21,30,30,0,30,0,112,experiments\process_discovery\results\models\pnml\bpi2019_1000_accuracy_30_r1_alpha.pnml,experiments\process_discovery\results\figures\model_visualizations\bpi2019_1000_accuracy_30_r1_alpha.png,True,True,,,ok,
bpi2019_1000,accuracy,30,1,heuristics,data\degraded\accuracy\accuracy_30_r1.csv,bpi2019_1000_accuracy_30_r1_heuristics,6764,6764,0,999,999,30,30,,0.7968270214943705,0.4623412903736059,0.3813512004466778,0.6109299854833764,206,477,30,447,30,0,1237,experiments\process_discovery\results\models\pnml\bpi2019_1000_accuracy_30_r1_heuristics.pnml,experiments\process_discovery\results\figures\model_visualizations\bpi2019_1000_accuracy_30_r1_heuristics.png,True,True,,,ok,
bpi2019_1000,accuracy,30,1,inductive,data\degraded\accuracy\accuracy_30_r1.csv,bpi2019_1000_accuracy_30_r1_inductive,6764,6764,0,999,999,30,30,,0.3410309481569091,0.8984155284110263,0.5031847133757962,0.6856577974859329,24,55,30,25,30,0,118,experiments\process_discovery\results\models\pnml\bpi2019_1000_accuracy_30_r1_inductive.pnml,experiments\process_discovery\results\figures\model_visualizations\bpi2019_1000_accuracy_30_r1_inductive.png,True,True,,,ok,
bpi2019_1000,accuracy,30,2,alpha,data\degraded\accuracy\accuracy_30_r2.csv,bpi2019_1000_accuracy_30_r2_alpha,6764,6764,0,999,999,30,30,,1.0,0.8933243065313752,0.242798353909465,0.5888000558116683,29,30,30,0,30,0,151,experiments\process_discovery\results\models\pnml\bpi2019_1000_accuracy_30_r2_alpha.pnml,experiments\process_discovery\results\figures\model_visualizations\bpi2019_1000_accuracy_30_r2_alpha.png,True,True,,,ok,
bpi2019_1000,accuracy,30,2,heuristics,data\degraded\accuracy\accuracy_30_r2.csv,bpi2019_1000_accuracy_30_r2_heuristics,6764,6764,0,999,999,30,30,,0.7994903203700531,0.4672877966605491,0.3911504424778761,0.6129823867460251,205,458,30,428,30,0,1179,experiments\process_discovery\results\models\pnml\bpi2019_1000_accuracy_30_r2_heuristics.pnml,experiments\process_discovery\results\figures\model_visualizations\bpi2019_1000_accuracy_30_r2_heuristics.png,True,True,,,ok,
bpi2019_1000,accuracy,30,2,inductive,data\degraded\accuracy\accuracy_30_r2.csv,bpi2019_1000_accuracy_30_r2_inductive,6764,6764,0,999,999,30,30,,0.3405824955647546,0.9077700686724964,0.5458937198067633,0.6985615710110036,40,73,30,43,30,0,160,experiments\process_discovery\results\models\pnml\bpi2019_1000_accuracy_30_r2_inductive.pnml,experiments\process_discovery\results\figures\model_visualizations\bpi2019_1000_accuracy_30_r2_inductive.png,True,True,,,ok,
bpi2019_1000,accuracy,30,3,alpha,data\degraded\accuracy\accuracy_30_r3.csv,bpi2019_1000_accuracy_30_r3_alpha,6764,6764,0,998,998,30,30,,1.0,0.8938008074270083,0.3333333333333333,0.617895181577333,12,30,30,0,30,0,84,experiments\process_discovery\results\models\pnml\bpi2019_1000_accuracy_30_r3_alpha.pnml,experiments\process_discovery\results\figures\model_visualizations\bpi2019_1000_accuracy_30_r3_alpha.png,True,True,,,ok,
bpi2019_1000,accuracy,30,3,heuristics,data\degraded\accuracy\accuracy_30_r3.csv,bpi2019_1000_accuracy_30_r3_heuristics,6764,6764,0,998,998,30,30,,0.81502227880331,0.4764923846455728,0.3892498523331364,0.6226929048370881,199,460,30,430,30,0,1176,experiments\process_discovery\results\models\pnml\bpi2019_1000_accuracy_30_r3_heuristics.pnml,experiments\process_discovery\results\figures\model_visualizations\bpi2019_1000_accuracy_30_r3_heuristics.png,True,True,,,ok,
bpi2019_1000,accuracy,30,3,inductive,data\degraded\accuracy\accuracy_30_r3.csv,bpi2019_1000_accuracy_30_r3_inductive,6764,6764,0,998,998,30,30,,0.3384535777646363,0.905404827270918,0.5575221238938054,0.7003451322323401,46,80,30,50,30,0,176,experiments\process_discovery\results\models\pnml\bpi2019_1000_accuracy_30_r3_inductive.pnml,experiments\process_discovery\results\figures\model_visualizations\bpi2019_1000_accuracy_30_r3_inductive.png,True,True,,,ok,
bpi2019_1000,accuracy,30,4,alpha,data\degraded\accuracy\accuracy_30_r4.csv,bpi2019_1000_accuracy_30_r4_alpha,6764,6764,0,1000,1000,30,30,,1.0,0.8939487687334537,0.3170731707317072,0.6140576203476006,9,30,30,0,30,0,81,experiments\process_discovery\results\models\pnml\bpi2019_1000_accuracy_30_r4_alpha.pnml,experiments\process_discovery\results\figures\model_visualizations\bpi2019_1000_accuracy_30_r4_alpha.png,True,True,,,ok,
bpi2019_1000,accuracy,30,4,heuristics,data\degraded\accuracy\accuracy_30_r4.csv,bpi2019_1000_accuracy_30_r4_heuristics,6764,6764,0,1000,1000,30,30,,0.7968824591627057,0.4528409326762845,0.3937321937321937,0.6112925206899108,209,482,30,452,30,0,1223,experiments\process_discovery\results\models\pnml\bpi2019_1000_accuracy_30_r4_heuristics.pnml,experiments\process_discovery\results\figures\model_visualizations\bpi2019_1000_accuracy_30_r4_heuristics.png,True,True,,,ok,
bpi2019_1000,accuracy,30,4,inductive,data\degraded\accuracy\accuracy_30_r4.csv,bpi2019_1000_accuracy_30_r4_inductive,6764,6764,0,1000,1000,30,30,,0.3353489059727972,0.8972189809146393,0.5031847133757962,0.6839381500658082,24,55,30,25,30,0,118,experiments\process_discovery\results\models\pnml\bpi2019_1000_accuracy_30_r4_inductive.pnml,experiments\process_discovery\results\figures\model_visualizations\bpi2019_1000_accuracy_30_r4_inductive.png,True,True,,,ok,
bpi2019_1000,accuracy,30,5,alpha,data\degraded\accuracy\accuracy_30_r5.csv,bpi2019_1000_accuracy_30_r5_alpha,6764,6764,0,1000,1000,30,30,,1.0,0.8942671838649194,0.2865497076023392,0.6032520574171941,19,30,30,0,30,0,110,experiments\process_discovery\results\models\pnml\bpi2019_1000_accuracy_30_r5_alpha.pnml,experiments\process_discovery\results\figures\model_visualizations\bpi2019_1000_accuracy_30_r5_alpha.png,True,True,,,ok,
bpi2019_1000,accuracy,30,5,heuristics,data\degraded\accuracy\accuracy_30_r5.csv,bpi2019_1000_accuracy_30_r5_heuristics,6764,6764,0,1000,1000,30,30,,0.8017502741522782,0.4645845661300321,0.3810623556581986,0.6136993400973747,199,461,30,431,30,0,1196,experiments\process_discovery\results\models\pnml\bpi2019_1000_accuracy_30_r5_heuristics.pnml,experiments\process_discovery\results\figures\model_visualizations\bpi2019_1000_accuracy_30_r5_heuristics.png,True,True,,,ok,
bpi2019_1000,accuracy,30,5,inductive,data\degraded\accuracy\accuracy_30_r5.csv,bpi2019_1000_accuracy_30_r5_inductive,6764,6764,0,1000,1000,30,30,,0.3358712793219003,0.8961234446248874,0.5894039735099338,0.7053496743641804,70,108,30,78,30,0,240,experiments\process_discovery\results\models\pnml\bpi2019_1000_accuracy_30_r5_inductive.pnml,experiments\process_discovery\results\figures\model_visualizations\bpi2019_1000_accuracy_30_r5_inductive.png,True,True,,,ok,
bpi2019_1000,completeness,10,1,alpha,data\degraded\completeness\completeness_10_r1.csv,bpi2019_1000_completeness_10_r1_alpha,6089,6089,0,1000,1000,30,30,,0.4068055404078962,0.6704949233572544,0.4705882352941176,0.4647088175648625,18,30,30,0,30,0,75,experiments\process_discovery\results\models\pnml\bpi2019_1000_completeness_10_r1_alpha.pnml,experiments\process_discovery\results\figures\model_visualizations\bpi2019_1000_completeness_10_r1_alpha.png,True,True,,,ok,
bpi2019_1000,completeness,10,1,heuristics,data\degraded\completeness\completeness_10_r1.csv,bpi2019_1000_completeness_10_r1_heuristics,6089,6089,0,1000,1000,30,30,,0.750383788762665,0.5456556415638857,0.4793814432989691,0.6567783250363346,65,121,30,91,30,0,287,experiments\process_discovery\results\models\pnml\bpi2019_1000_completeness_10_r1_heuristics.pnml,experiments\process_discovery\results\figures\model_visualizations\bpi2019_1000_completeness_10_r1_heuristics.png,True,True,,,ok,
bpi2019_1000,completeness,10,1,inductive,data\degraded\completeness\completeness_10_r1.csv,bpi2019_1000_completeness_10_r1_inductive,6089,6089,0,1000,1000,30,30,,0.3284848905628937,0.75591382825634,0.6073059360730594,0.6729261637230732,51,82,30,52,30,0,176,experiments\process_discovery\results\models\pnml\bpi2019_1000_completeness_10_r1_inductive.pnml,experiments\process_discovery\results\figures\model_visualizations\bpi2019_1000_completeness_10_r1_inductive.png,True,True,,,ok,
bpi2019_1000,completeness,10,2,alpha,data\degraded\completeness\completeness_10_r2.csv,bpi2019_1000_completeness_10_r2_alpha,6089,6089,0,999,999,29,29,,0.5426710585416978,0.6842856449722188,0.3575757575757575,0.4580728538988553,30,29,29,0,29,0,112,experiments\process_discovery\results\models\pnml\bpi2019_1000_completeness_10_r2_alpha.pnml,experiments\process_discovery\results\figures\model_visualizations\bpi2019_1000_completeness_10_r2_alpha.png,True,True,,,ok,
bpi2019_1000,completeness,10,2,heuristics,data\degraded\completeness\completeness_10_r2.csv,bpi2019_1000_completeness_10_r2_heuristics,6089,6089,0,999,999,29,29,,0.7300215982721383,0.5263119658201751,0.4816625916870415,0.6455191061214931,70,127,29,98,29,0,303,experiments\process_discovery\results\models\pnml\bpi2019_1000_completeness_10_r2_heuristics.pnml,experiments\process_discovery\results\figures\model_visualizations\bpi2019_1000_completeness_10_r2_heuristics.png,True,True,,,ok,
bpi2019_1000,completeness,10,2,inductive,data\degraded\completeness\completeness_10_r2.csv,bpi2019_1000_completeness_10_r2_inductive,6089,6089,0,999,999,29,29,,0.3838131964781041,0.7416126373799174,0.6116504854368933,0.6842690798237288,49,77,29,48,29,0,166,experiments\process_discovery\results\models\pnml\bpi2019_1000_completeness_10_r2_inductive.pnml,experiments\process_discovery\results\figures\model_visualizations\bpi2019_1000_completeness_10_r2_inductive.png,True,True,,,ok,
bpi2019_1000,completeness,10,3,alpha,data\degraded\completeness\completeness_10_r3.csv,bpi2019_1000_completeness_10_r3_alpha,6089,6089,0,999,999,29,29,,0.3578056135467409,0.699823673510775,0.489795918367347,0.4670797481670629,19,29,29,0,29,0,73,experiments\process_discovery\results\models\pnml\bpi2019_1000_completeness_10_r3_alpha.pnml,experiments\process_discovery\results\figures\model_visualizations\bpi2019_1000_completeness_10_r3_alpha.png,True,True,,,ok,
bpi2019_1000,completeness,10,3,heuristics,data\degraded\completeness\completeness_10_r3.csv,bpi2019_1000_completeness_10_r3_heuristics,6089,6089,0,999,999,29,29,,0.7687832699619772,0.524010405727561,0.4810810810810811,0.6709826529035579,62,116,29,87,29,0,274,experiments\process_discovery\results\models\pnml\bpi2019_1000_completeness_10_r3_heuristics.pnml,experiments\process_discovery\results\figures\model_visualizations\bpi2019_1000_completeness_10_r3_heuristics.png,True,True,,,ok,
bpi2019_1000,completeness,10,3,inductive,data\degraded\completeness\completeness_10_r3.csv,bpi2019_1000_completeness_10_r3_inductive,6089,6089,0,999,999,29,29,,0.3251384620726774,0.7818018463494723,0.6134453781512605,0.6800964216433526,58,88,29,59,29,0,192,experiments\process_discovery\results\models\pnml\bpi2019_1000_completeness_10_r3_inductive.pnml,experiments\process_discovery\results\figures\model_visualizations\bpi2019_1000_completeness_10_r3_inductive.png,True,True,,,ok,
bpi2019_1000,completeness,10,4,alpha,data\degraded\completeness\completeness_10_r4.csv,bpi2019_1000_completeness_10_r4_alpha,6088,6088,0,999,999,30,30,,0.4897426775761888,0.6838730581420607,0.4757281553398058,0.4798225539324768,19,30,30,0,30,0,76,experiments\process_discovery\results\models\pnml\bpi2019_1000_completeness_10_r4_alpha.pnml,experiments\process_discovery\results\figures\model_visualizations\bpi2019_1000_completeness_10_r4_alpha.png,True,True,,,ok,
bpi2019_1000,completeness,10,4,heuristics,data\degraded\completeness\completeness_10_r4.csv,bpi2019_1000_completeness_10_r4_heuristics,6088,6088,0,999,999,30,30,,0.7575549712282306,0.5125124576058109,0.4791666666666667,0.6524822314261381,63,121,30,91,30,0,284,experiments\process_discovery\results\models\pnml\bpi2019_1000_completeness_10_r4_heuristics.pnml,experiments\process_discovery\results\figures\model_visualizations\bpi2019_1000_completeness_10_r4_heuristics.png,True,True,,,ok,
bpi2019_1000,completeness,10,4,inductive,data\degraded\completeness\completeness_10_r4.csv,bpi2019_1000_completeness_10_r4_inductive,6088,6088,0,999,999,30,30,,0.387603191257696,0.736687703447271,0.6170212765957447,0.685328042825178,57,88,30,58,30,0,190,experiments\process_discovery\results\models\pnml\bpi2019_1000_completeness_10_r4_inductive.pnml,experiments\process_discovery\results\figures\model_visualizations\bpi2019_1000_completeness_10_r4_inductive.png,True,True,,,ok,
bpi2019_1000,completeness,10,5,alpha,data\degraded\completeness\completeness_10_r5.csv,bpi2019_1000_completeness_10_r5_alpha,6089,6089,0,999,999,29,29,,0.5480757630594764,0.7008888750739138,0.5294117647058824,0.5216892151571616,16,29,29,0,29,0,65,experiments\process_discovery\results\models\pnml\bpi2019_1000_completeness_10_r5_alpha.pnml,experiments\process_discovery\results\figures\model_visualizations\bpi2019_1000_completeness_10_r5_alpha.png,True,True,,,ok,
bpi2019_1000,completeness,10,5,heuristics,data\degraded\completeness\completeness_10_r5.csv,bpi2019_1000_completeness_10_r5_heuristics,6089,6089,0,999,999,29,29,,0.7543936731107206,0.5294372016031375,0.4854111405835544,0.6712217123666948,61,122,29,93,29,0,280,experiments\process_discovery\results\models\pnml\bpi2019_1000_completeness_10_r5_heuristics.pnml,experiments\process_discovery\results\figures\model_visualizations\bpi2019_1000_completeness_10_r5_heuristics.png,True,True,,,ok,
bpi2019_1000,completeness,10,5,inductive,data\degraded\completeness\completeness_10_r5.csv,bpi2019_1000_completeness_10_r5_inductive,6089,6089,0,999,999,29,29,,0.3752367583574498,0.7666716469380169,0.6341463414634145,0.6940136866897204,85,123,29,94,29,0,268,experiments\process_discovery\results\models\pnml\bpi2019_1000_completeness_10_r5_inductive.pnml,experiments\process_discovery\results\figures\model_visualizations\bpi2019_1000_completeness_10_r5_inductive.png,True,True,,,ok,
bpi2019_1000,completeness,20,1,alpha,data\degraded\completeness\completeness_20_r1.csv,bpi2019_1000_completeness_20_r1_alpha,5413,5413,0,997,997,30,30,,0.5725806451612903,0.6768834374764905,0.361963190184049,0.4688094066290498,29,30,30,0,30,0,111,experiments\process_discovery\results\models\pnml\bpi2019_1000_completeness_20_r1_alpha.pnml,experiments\process_discovery\results\figures\model_visualizations\bpi2019_1000_completeness_20_r1_alpha.png,True,True,,,ok,
bpi2019_1000,completeness,20,1,heuristics,data\degraded\completeness\completeness_20_r1.csv,bpi2019_1000_completeness_20_r1_heuristics,5413,5413,0,997,997,30,30,,0.8187066103229701,0.5724357757244211,0.4686716791979949,0.6779739794059929,65,122,30,92,30,0,293,experiments\process_discovery\results\models\pnml\bpi2019_1000_completeness_20_r1_heuristics.pnml,experiments\process_discovery\results\figures\model_visualizations\bpi2019_1000_completeness_20_r1_heuristics.png,True,True,,,ok,
bpi2019_1000,completeness,20,1,inductive,data\degraded\completeness\completeness_20_r1.csv,bpi2019_1000_completeness_20_r1_inductive,5413,5413,0,997,997,30,30,,0.4119975541466868,0.7303960315820595,0.6000000000000001,0.6855983964321866,51,84,30,54,30,0,180,experiments\process_discovery\results\models\pnml\bpi2019_1000_completeness_20_r1_inductive.pnml,experiments\process_discovery\results\figures\model_visualizations\bpi2019_1000_completeness_20_r1_inductive.png,True,True,,,ok,
bpi2019_1000,completeness,20,2,alpha,data\degraded\completeness\completeness_20_r2.csv,bpi2019_1000_completeness_20_r2_alpha,5415,5415,0,998,998,30,30,,0.6165853658536585,0.6282086955819182,0.4406779661016949,0.4992993052333773,22,30,30,0,30,0,85,experiments\process_discovery\results\models\pnml\bpi2019_1000_completeness_20_r2_alpha.pnml,experiments\process_discovery\results\figures\model_visualizations\bpi2019_1000_completeness_20_r2_alpha.png,True,True,,,ok,
bpi2019_1000,completeness,20,2,heuristics,data\degraded\completeness\completeness_20_r2.csv,bpi2019_1000_completeness_20_r2_heuristics,5415,5415,0,998,998,30,30,,0.8026957490111747,0.5325225848774088,0.4734299516908213,0.6668403143779053,68,128,30,98,30,0,305,experiments\process_discovery\results\models\pnml\bpi2019_1000_completeness_20_r2_heuristics.pnml,experiments\process_discovery\results\figures\model_visualizations\bpi2019_1000_completeness_20_r2_heuristics.png,True,True,,,ok,
bpi2019_1000,completeness,20,2,inductive,data\degraded\completeness\completeness_20_r2.csv,bpi2019_1000_completeness_20_r2_inductive,5415,5415,0,998,998,30,30,,0.3783401349383753,0.6907480686843235,0.5845410628019324,0.6634073166061578,44,77,30,47,30,0,164,experiments\process_discovery\results\models\pnml\bpi2019_1000_completeness_20_r2_inductive.pnml,experiments\process_discovery\results\figures\model_visualizations\bpi2019_1000_completeness_20_r2_inductive.png,True,True,,,ok,
bpi2019_1000,completeness,20,3,alpha,data\degraded\completeness\completeness_20_r3.csv,bpi2019_1000_completeness_20_r3_alpha,5413,5413,0,996,996,30,30,,0.7427577440289022,0.6638365093641625,0.4561403508771929,0.5394403530692147,22,30,30,0,30,0,83,experiments\process_discovery\results\models\pnml\bpi2019_1000_completeness_20_r3_alpha.pnml,experiments\process_discovery\results\figures\model_visualizations\bpi2019_1000_completeness_20_r3_alpha.png,True,True,,,ok,
bpi2019_1000,completeness,20,3,heuristics,data\degraded\completeness\completeness_20_r3.csv,bpi2019_1000_completeness_20_r3_heuristics,5413,5413,0,996,996,30,30,,0.8560817826052232,0.5151894716313568,0.4695863746958637,0.6757809269234877,68,125,30,95,30,0,302,experiments\process_discovery\results\models\pnml\bpi2019_1000_completeness_20_r3_heuristics.pnml,experiments\process_discovery\results\figures\model_visualizations\bpi2019_1000_completeness_20_r3_heuristics.png,True,True,,,ok,
bpi2019_1000,completeness,20,3,inductive,data\degraded\completeness\completeness_20_r3.csv,bpi2019_1000_completeness_20_r3_inductive,5413,5413,0,996,996,30,30,,0.4483517529354381,0.7093099351172911,0.5967078189300411,0.6885923767456926,54,91,30,61,30,0,194,experiments\process_discovery\results\models\pnml\bpi2019_1000_completeness_20_r3_inductive.pnml,experiments\process_discovery\results\figures\model_visualizations\bpi2019_1000_completeness_20_r3_inductive.png,True,True,,,ok,
bpi2019_1000,completeness,20,4,alpha,data\degraded\completeness\completeness_20_r4.csv,bpi2019_1000_completeness_20_r4_alpha,5412,5412,0,997,997,30,30,,0.8088940560964977,0.655094285885131,0.3544303797468354,0.5262235505130407,26,30,30,0,30,0,107,experiments\process_discovery\results\models\pnml\bpi2019_1000_completeness_20_r4_alpha.pnml,experiments\process_discovery\results\figures\model_visualizations\bpi2019_1000_completeness_20_r4_alpha.png,True,True,,,ok,
bpi2019_1000,completeness,20,4,heuristics,data\degraded\completeness\completeness_20_r4.csv,bpi2019_1000_completeness_20_r4_heuristics,5412,5412,0,997,997,30,30,,0.7866853538892782,0.5401858168087548,0.4629629629629629,0.660688295222204,69,131,30,101,30,0,316,experiments\process_discovery\results\models\pnml\bpi2019_1000_completeness_20_r4_heuristics.pnml,experiments\process_discovery\results\figures\model_visualizations\bpi2019_1000_completeness_20_r4_heuristics.png,True,True,,,ok,
bpi2019_1000,completeness,20,4,inductive,data\degraded\completeness\completeness_20_r4.csv,bpi2019_1000_completeness_20_r4_inductive,5412,5412,0,997,997,30,30,,0.4187097527079068,0.7223005976950497,0.596244131455399,0.6843136204645889,48,79,30,49,30,0,170,experiments\process_discovery\results\models\pnml\bpi2019_1000_completeness_20_r4_inductive.pnml,experiments\process_discovery\results\figures\model_visualizations\bpi2019_1000_completeness_20_r4_inductive.png,True,True,,,ok,
bpi2019_1000,completeness,20,5,alpha,data\degraded\completeness\completeness_20_r5.csv,bpi2019_1000_completeness_20_r5_alpha,5413,5413,0,994,994,30,30,,0.7783694687460379,0.64232610272542,0.3949579831932773,0.527263387423365,17,30,30,0,30,0,83,experiments\process_discovery\results\models\pnml\bpi2019_1000_completeness_20_r5_alpha.pnml,experiments\process_discovery\results\figures\model_visualizations\bpi2019_1000_completeness_20_r5_alpha.png,True,True,,,ok,
bpi2019_1000,completeness,20,5,heuristics,data\degraded\completeness\completeness_20_r5.csv,bpi2019_1000_completeness_20_r5_heuristics,5413,5413,0,994,994,30,30,,0.8207040470733126,0.5313970046403746,0.4773869346733668,0.6719932294712568,67,123,30,93,30,0,294,experiments\process_discovery\results\models\pnml\bpi2019_1000_completeness_20_r5_heuristics.pnml,experiments\process_discovery\results\figures\model_visualizations\bpi2019_1000_completeness_20_r5_heuristics.png,True,True,,,ok,
bpi2019_1000,completeness,20,5,inductive,data\degraded\completeness\completeness_20_r5.csv,bpi2019_1000_completeness_20_r5_inductive,5413,5413,0,994,994,30,30,,0.4159637326813366,0.7296785928048884,0.6193353474320241,0.6912444182295623,82,123,30,93,30,0,268,experiments\process_discovery\results\models\pnml\bpi2019_1000_completeness_20_r5_inductive.pnml,experiments\process_discovery\results\figures\model_visualizations\bpi2019_1000_completeness_20_r5_inductive.png,True,True,,,ok,
bpi2019_1000,completeness,30,1,alpha,data\degraded\completeness\completeness_30_r1.csv,bpi2019_1000_completeness_30_r1_alpha,4744,4744,0,991,991,30,30,,0.7346778791334094,0.64928607351818,0.3372093023255814,0.4965123165684333,28,30,30,0,30,0,115,experiments\process_discovery\results\models\pnml\bpi2019_1000_completeness_30_r1_alpha.pnml,experiments\process_discovery\results\figures\model_visualizations\bpi2019_1000_completeness_30_r1_alpha.png,True,True,,,ok,
bpi2019_1000,completeness,30,1,heuristics,data\degraded\completeness\completeness_30_r1.csv,bpi2019_1000_completeness_30_r1_heuristics,4744,4744,0,991,991,30,30,,0.8445832135080729,0.530173443606608,0.4481236203090508,0.6656803688455922,70,133,30,103,30,0,328,experiments\process_discovery\results\models\pnml\bpi2019_1000_completeness_30_r1_heuristics.pnml,experiments\process_discovery\results\figures\model_visualizations\bpi2019_1000_completeness_30_r1_heuristics.png,True,True,,,ok,
bpi2019_1000,completeness,30,1,inductive,data\degraded\completeness\completeness_30_r1.csv,bpi2019_1000_completeness_30_r1_inductive,4744,4744,0,991,991,30,30,,0.417363077560605,0.7128260922340572,0.5852534562211982,0.6788606565039652,47,80,30,50,30,0,172,experiments\process_discovery\results\models\pnml\bpi2019_1000_completeness_30_r1_inductive.pnml,experiments\process_discovery\results\figures\model_visualizations\bpi2019_1000_completeness_30_r1_inductive.png,True,True,,,ok,
bpi2019_1000,completeness,30,2,alpha,data\degraded\completeness\completeness_30_r2.csv,bpi2019_1000_completeness_30_r2_alpha,4740,4740,0,992,992,29,29,,0.8116831367548614,0.6343501116175121,0.3982300884955752,0.5434409848114555,16,29,29,0,29,0,79,experiments\process_discovery\results\models\pnml\bpi2019_1000_completeness_30_r2_alpha.pnml,experiments\process_discovery\results\figures\model_visualizations\bpi2019_1000_completeness_30_r2_alpha.png,True,True,,,ok,
bpi2019_1000,completeness,30,2,heuristics,data\degraded\completeness\completeness_30_r2.csv,bpi2019_1000_completeness_30_r2_heuristics,4740,4740,0,992,992,29,29,,0.836760732512759,0.4931609955861724,0.4715261958997722,0.6600607470101022,71,136,29,107,29,0,323,experiments\process_discovery\results\models\pnml\bpi2019_1000_completeness_30_r2_heuristics.pnml,experiments\process_discovery\results\figures\model_visualizations\bpi2019_1000_completeness_30_r2_heuristics.png,True,True,,,ok,
bpi2019_1000,completeness,30,2,inductive,data\degraded\completeness\completeness_30_r2.csv,bpi2019_1000_completeness_30_r2_inductive,4740,4740,0,992,992,29,29,,0.4011537608165076,0.7058364306955738,0.5929203539823008,0.6749776363735955,52,82,29,53,29,0,180,experiments\process_discovery\results\models\pnml\bpi2019_1000_completeness_30_r2_inductive.pnml,experiments\process_discovery\results\figures\model_visualizations\bpi2019_1000_completeness_30_r2_inductive.png,True,True,,,ok,
bpi2019_1000,completeness,30,3,alpha,data\degraded\completeness\completeness_30_r3.csv,bpi2019_1000_completeness_30_r3_alpha,4741,4741,0,992,992,30,30,,0.7178541234340174,0.6455422374220584,0.3009708737864078,0.4836966915673306,32,30,30,0,30,0,134,experiments\process_discovery\results\models\pnml\bpi2019_1000_completeness_30_r3_alpha.pnml,experiments\process_discovery\results\figures\model_visualizations\bpi2019_1000_completeness_30_r3_alpha.png,True,True,,,ok,
bpi2019_1000,completeness,30,3,heuristics,data\degraded\completeness\completeness_30_r3.csv,bpi2019_1000_completeness_30_r3_heuristics,4741,4741,0,992,992,30,30,,0.8306701563468558,0.4873114212830594,0.4862385321100917,0.6621611542878069,72,140,30,110,30,0,324,experiments\process_discovery\results\models\pnml\bpi2019_1000_completeness_30_r3_heuristics.pnml,experiments\process_discovery\results\figures\model_visualizations\bpi2019_1000_completeness_30_r3_heuristics.png,True,True,,,ok,
bpi2019_1000,completeness,30,3,inductive,data\degraded\completeness\completeness_30_r3.csv,bpi2019_1000_completeness_30_r3_inductive,4741,4741,0,992,992,30,30,,0.3949267932575975,0.7532335548354767,0.6099071207430341,0.689516867209027,78,119,30,89,30,0,260,experiments\process_discovery\results\models\pnml\bpi2019_1000_completeness_30_r3_inductive.pnml,experiments\process_discovery\results\figures\model_visualizations\bpi2019_1000_completeness_30_r3_inductive.png,True,True,,,ok,
bpi2019_1000,completeness,30,4,alpha,data\degraded\completeness\completeness_30_r4.csv,bpi2019_1000_completeness_30_r4_alpha,4738,4738,0,991,991,29,29,,0.7222778652167692,0.6704813399335176,0.3731343283582089,0.5187823770466014,21,29,29,0,29,0,92,experiments\process_discovery\results\models\pnml\bpi2019_1000_completeness_30_r4_alpha.pnml,experiments\process_discovery\results\figures\model_visualizations\bpi2019_1000_completeness_30_r4_alpha.png,True,True,,,ok,
bpi2019_1000,completeness,30,4,heuristics,data\degraded\completeness\completeness_30_r4.csv,bpi2019_1000_completeness_30_r4_heuristics,4738,4738,0,991,991,29,29,,0.8374062120132456,0.4982243853085715,0.4753363228699552,0.6620640226161592,74,138,29,109,29,0,329,experiments\process_discovery\results\models\pnml\bpi2019_1000_completeness_30_r4_heuristics.pnml,experiments\process_discovery\results\figures\model_visualizations\bpi2019_1000_completeness_30_r4_heuristics.png,True,True,,,ok,
bpi2019_1000,completeness,30,4,inductive,data\degraded\completeness\completeness_30_r4.csv,bpi2019_1000_completeness_30_r4_inductive,4738,4738,0,991,991,29,29,,0.4066185956505713,0.7093924149947359,0.5899581589958159,0.6764922924102807,52,89,29,60,29,0,190,experiments\process_discovery\results\models\pnml\bpi2019_1000_completeness_30_r4_inductive.pnml,experiments\process_discovery\results\figures\model_visualizations\bpi2019_1000_completeness_30_r4_inductive.png,True,True,,,ok,
bpi2019_1000,completeness,30,5,alpha,data\degraded\completeness\completeness_30_r5.csv,bpi2019_1000_completeness_30_r5_alpha,4740,4740,0,992,992,29,29,,0.893010989010989,0.637829273592467,0.329608938547486,0.5313351989894691,30,29,29,0,29,0,119,experiments\process_discovery\results\models\pnml\bpi2019_1000_completeness_30_r5_alpha.pnml,experiments\process_discovery\results\figures\model_visualizations\bpi2019_1000_completeness_30_r5_alpha.png,True,True,,,ok,
bpi2019_1000,completeness,30,5,heuristics,data\degraded\completeness\completeness_30_r5.csv,bpi2019_1000_completeness_30_r5_heuristics,4740,4740,0,992,992,29,29,,0.8283201537210849,0.5251753053310796,0.4731934731934731,0.6565767596336262,72,131,29,102,29,0,316,experiments\process_discovery\results\models\pnml\bpi2019_1000_completeness_30_r5_heuristics.pnml,experiments\process_discovery\results\figures\model_visualizations\bpi2019_1000_completeness_30_r5_heuristics.png,True,True,,,ok,
bpi2019_1000,completeness,30,5,inductive,data\degraded\completeness\completeness_30_r5.csv,bpi2019_1000_completeness_30_r5_inductive,4740,4740,0,992,992,29,29,,0.3997111829944547,0.7266669511658079,0.6242424242424242,0.6876551396006716,82,124,29,95,29,0,268,experiments\process_discovery\results\models\pnml\bpi2019_1000_completeness_30_r5_inductive.pnml,experiments\process_discovery\results\figures\model_visualizations\bpi2019_1000_completeness_30_r5_inductive.png,True,True,,,ok,
bpi2019_1000,consistency,10,1,alpha,data\degraded\consistency\consistency_10_r1.csv,bpi2019_1000_consistency_10_r1_alpha,6967,6967,0,1000,1000,79,79,,0.2485140801302532,0.573194853349293,1.0,0.5676003048964401,25,79,79,0,79,0,102,experiments\process_discovery\results\models\pnml\bpi2019_1000_consistency_10_r1_alpha.pnml,experiments\process_discovery\results\figures\model_visualizations\bpi2019_1000_consistency_10_r1_alpha.png,True,True,,,ok,
bpi2019_1000,consistency,10,1,heuristics,data\degraded\consistency\consistency_10_r1.csv,bpi2019_1000_consistency_10_r1_heuristics,6967,6967,0,1000,1000,79,79,,0.7198471893760232,0.4121059932108951,0.4545454545454545,0.58880645659403,166,334,79,255,79,0,800,experiments\process_discovery\results\models\pnml\bpi2019_1000_consistency_10_r1_heuristics.pnml,experiments\process_discovery\results\figures\model_visualizations\bpi2019_1000_consistency_10_r1_heuristics.png,True,True,,,ok,
bpi2019_1000,consistency,10,1,inductive,data\degraded\consistency\consistency_10_r1.csv,bpi2019_1000_consistency_10_r1_inductive,6967,6967,0,1000,1000,79,79,,0.1949019479265711,0.6978321412045925,0.5946666666666666,0.6218501889494575,170,276,79,197,79,0,598,experiments\process_discovery\results\models\pnml\bpi2019_1000_consistency_10_r1_inductive.pnml,experiments\process_discovery\results\figures\model_visualizations\bpi2019_1000_consistency_10_r1_inductive.png,True,True,,,ok,
bpi2019_1000,consistency,10,2,alpha,data\degraded\consistency\consistency_10_r2.csv,bpi2019_1000_consistency_10_r2_alpha,6967,6967,0,1000,1000,90,90,,0.1815399707093316,0.4898824702066601,0.8620689655172413,0.4935566180782795,35,90,90,0,90,0,135,experiments\process_discovery\results\models\pnml\bpi2019_1000_consistency_10_r2_alpha.pnml,experiments\process_discovery\results\figures\model_visualizations\bpi2019_1000_consistency_10_r2_alpha.png,True,True,,,ok,
bpi2019_1000,consistency,10,2,heuristics,data\degraded\consistency\consistency_10_r2.csv,bpi2019_1000_consistency_10_r2_heuristics,6967,6967,0,1000,1000,90,90,,0.6686213794426328,0.4174676186110415,0.4495238095238095,0.573894068369748,149,323,90,233,90,0,761,experiments\process_discovery\results\models\pnml\bpi2019_1000_consistency_10_r2_heuristics.pnml,experiments\process_discovery\results\figures\model_visualizations\bpi2019_1000_consistency_10_r2_heuristics.png,True,True,,,ok,
bpi2019_1000,consistency,10,2,inductive,data\degraded\consistency\consistency_10_r2.csv,bpi2019_1000_consistency_10_r2_inductive,6967,6967,0,1000,1000,90,90,,0.1515633209668773,0.6848328473397314,0.5889029003783103,0.6063247671712297,178,289,90,199,90,0,630,experiments\process_discovery\results\models\pnml\bpi2019_1000_consistency_10_r2_inductive.pnml,experiments\process_discovery\results\figures\model_visualizations\bpi2019_1000_consistency_10_r2_inductive.png,True,True,,,ok,
bpi2019_1000,consistency,10,3,alpha,data\degraded\consistency\consistency_10_r3.csv,bpi2019_1000_consistency_10_r3_alpha,6967,6967,0,1000,1000,82,82,,0.2581551668286362,0.5373119441946816,0.8604651162790696,0.5227349404173174,29,82,82,0,82,0,120,experiments\process_discovery\results\models\pnml\bpi2019_1000_consistency_10_r3_alpha.pnml,experiments\process_discovery\results\figures\model_visualizations\bpi2019_1000_consistency_10_r3_alpha.png,True,True,,,ok,
bpi2019_1000,consistency,10,3,heuristics,data\degraded\consistency\consistency_10_r3.csv,bpi2019_1000_consistency_10_r3_heuristics,6967,6967,0,1000,1000,82,82,,0.7600036321811248,0.4030301670516388,0.4432809773123909,0.5916086736686861,170,338,82,256,82,0,827,experiments\process_discovery\results\models\pnml\bpi2019_1000_consistency_10_r3_heuristics.pnml,experiments\process_discovery\results\figures\model_visualizations\bpi2019_1000_consistency_10_r3_heuristics.png,True,True,,,ok,
bpi2019_1000,consistency,10,3,inductive,data\degraded\consistency\consistency_10_r3.csv,bpi2019_1000_consistency_10_r3_inductive,6967,6967,0,1000,1000,82,82,,0.1961105596958431,0.7103210685743377,0.5989232839838492,0.6263387280635075,172,273,82,191,82,0,594,experiments\process_discovery\results\models\pnml\bpi2019_1000_consistency_10_r3_inductive.pnml,experiments\process_discovery\results\figures\model_visualizations\bpi2019_1000_consistency_10_r3_inductive.png,True,True,,,ok,
bpi2019_1000,consistency,10,4,alpha,data\degraded\consistency\consistency_10_r4.csv,bpi2019_1000_consistency_10_r4_alpha,6967,6967,0,1000,1000,81,81,,0.2545115215002784,0.5470702406524575,1.0,0.5654960472833681,21,81,81,0,81,0,94,experiments\process_discovery\results\models\pnml\bpi2019_1000_consistency_10_r4_alpha.pnml,experiments\process_discovery\results\figures\model_visualizations\bpi2019_1000_consistency_10_r4_alpha.png,True,True,,,ok,
bpi2019_1000,consistency,10,4,heuristics,data\degraded\consistency\consistency_10_r4.csv,bpi2019_1000_consistency_10_r4_heuristics,6967,6967,0,1000,1000,81,81,,0.7759041099914803,0.4280916837807038,0.4342342342342343,0.602002059957787,158,324,81,243,81,0,796,experiments\process_discovery\results\models\pnml\bpi2019_1000_consistency_10_r4_heuristics.pnml,experiments\process_discovery\results\figures\model_visualizations\bpi2019_1000_consistency_10_r4_heuristics.png,True,True,,,ok,
bpi2019_1000,consistency,10,4,inductive,data\degraded\consistency\consistency_10_r4.csv,bpi2019_1000_consistency_10_r4_inductive,6967,6967,0,1000,1000,81,81,,0.1950652743398595,0.6903331699517645,0.5925925925925926,0.6194977592210542,171,277,81,196,81,0,602,experiments\process_discovery\results\models\pnml\bpi2019_1000_consistency_10_r4_inductive.pnml,experiments\process_discovery\results\figures\model_visualizations\bpi2019_1000_consistency_10_r4_inductive.png,True,True,,,ok,
bpi2019_1000,consistency,10,5,alpha,data\degraded\consistency\consistency_10_r5.csv,bpi2019_1000_consistency_10_r5_alpha,6967,6967,0,1000,1000,79,79,,0.1852634209618108,0.5621667476915404,1.0,0.5502018740208322,18,79,79,0,79,0,87,experiments\process_discovery\results\models\pnml\bpi2019_1000_consistency_10_r5_alpha.pnml,experiments\process_discovery\results\figures\model_visualizations\bpi2019_1000_consistency_10_r5_alpha.png,True,True,,,ok,
bpi2019_1000,consistency,10,5,heuristics,data\degraded\consistency\consistency_10_r5.csv,bpi2019_1000_consistency_10_r5_heuristics,6967,6967,0,1000,1000,79,79,,0.7065633802816902,0.4239151164482058,0.4313346228239845,0.5826820072165868,146,300,79,221,79,0,740,experiments\process_discovery\results\models\pnml\bpi2019_1000_consistency_10_r5_heuristics.pnml,experiments\process_discovery\results\figures\model_visualizations\bpi2019_1000_consistency_10_r5_heuristics.png,True,True,,,ok,
bpi2019_1000,consistency,10,5,inductive,data\degraded\consistency\consistency_10_r5.csv,bpi2019_1000_consistency_10_r5_inductive,6967,6967,0,1000,1000,79,79,,0.1889152844506467,0.6968408636463869,0.5921787709497207,0.6194837297616885,160,264,79,185,79,0,570,experiments\process_discovery\results\models\pnml\bpi2019_1000_consistency_10_r5_inductive.pnml,experiments\process_discovery\results\figures\model_visualizations\bpi2019_1000_consistency_10_r5_inductive.png,True,True,,,ok,
bpi2019_1000,consistency,20,1,alpha,data\degraded\consistency\consistency_20_r1.csv,bpi2019_1000_consistency_20_r1_alpha,7170,7170,0,1000,1000,90,90,,0.2253810364190598,0.5650545635466626,0.4637223974763407,0.3976957555353623,57,90,90,0,90,0,232,experiments\process_discovery\results\models\pnml\bpi2019_1000_consistency_20_r1_alpha.pnml,experiments\process_discovery\results\figures\model_visualizations\bpi2019_1000_consistency_20_r1_alpha.png,True,True,,,ok,
bpi2019_1000,consistency,20,1,heuristics,data\degraded\consistency\consistency_20_r1.csv,bpi2019_1000_consistency_20_r1_heuristics,7170,7170,0,1000,1000,90,90,,0.7378250958449901,0.3760772157503266,0.4151376146788991,0.5749488334770636,237,487,90,397,90,0,1234,experiments\process_discovery\results\models\pnml\bpi2019_1000_consistency_20_r1_heuristics.pnml,experiments\process_discovery\results\figures\model_visualizations\bpi2019_1000_consistency_20_r1_heuristics.png,True,True,,,ok,
bpi2019_1000,consistency,20,1,inductive,data\degraded\consistency\consistency_20_r1.csv,bpi2019_1000_consistency_20_r1_inductive,7170,7170,0,1000,1000,90,90,,0.1714826629921898,0.7081318769652337,0.5914552736982643,0.6177674534139219,166,277,90,187,90,0,596,experiments\process_discovery\results\models\pnml\bpi2019_1000_consistency_20_r1_inductive.pnml,experiments\process_discovery\results\figures\model_visualizations\bpi2019_1000_consistency_20_r1_inductive.png,True,True,,,ok,
bpi2019_1000,consistency,20,2,alpha,data\degraded\consistency\consistency_20_r2.csv,bpi2019_1000_consistency_20_r2_alpha,7170,7170,0,1000,1000,89,89,,0.2101537484453147,0.5661335551703601,0.5636363636363636,0.4260343764894947,35,89,89,0,89,0,172,experiments\process_discovery\results\models\pnml\bpi2019_1000_consistency_20_r2_alpha.pnml,experiments\process_discovery\results\figures\model_visualizations\bpi2019_1000_consistency_20_r2_alpha.png,True,True,,,ok,
bpi2019_1000,consistency,20,2,heuristics,data\degraded\consistency\consistency_20_r2.csv,bpi2019_1000_consistency_20_r2_heuristics,7170,7170,0,1000,1000,89,89,,0.8068118858075992,0.4107035612017528,0.4323258869908015,0.6037554271547247,223,435,89,346,89,0,1090,experiments\process_discovery\results\models\pnml\bpi2019_1000_consistency_20_r2_heuristics.pnml,experiments\process_discovery\results\figures\model_visualizations\bpi2019_1000_consistency_20_r2_heuristics.png,True,True,,,ok,
bpi2019_1000,consistency,20,2,inductive,data\degraded\consistency\consistency_20_r2.csv,bpi2019_1000_consistency_20_r2_inductive,7170,7170,0,1000,1000,89,89,,0.1814768422432106,0.7087788802103785,0.5990836197021765,0.6223348355389414,203,320,89,231,89,0,698,experiments\process_discovery\results\models\pnml\bpi2019_1000_consistency_20_r2_inductive.pnml,experiments\process_discovery\results\figures\model_visualizations\bpi2019_1000_consistency_20_r2_inductive.png,True,True,,,ok,
bpi2019_1000,consistency,20,3,alpha,data\degraded\consistency\consistency_20_r3.csv,bpi2019_1000_consistency_20_r3_alpha,7170,7170,0,1000,1000,96,96,,0.2313395662502874,0.5331663669321529,0.3471074380165289,0.3503652270839172,72,96,96,0,96,0,326,experiments\process_discovery\results\models\pnml\bpi2019_1000_consistency_20_r3_alpha.pnml,experiments\process_discovery\results\figures\model_visualizations\bpi2019_1000_consistency_20_r3_alpha.png,True,True,,,ok,
bpi2019_1000,consistency,20,3,heuristics,data\degraded\consistency\consistency_20_r3.csv,bpi2019_1000_consistency_20_r3_heuristics,7170,7170,0,1000,1000,96,96,,0.7083190597907718,0.3785880260865798,0.4170506912442396,0.5683247817760723,237,487,96,391,96,0,1230,experiments\process_discovery\results\models\pnml\bpi2019_1000_consistency_20_r3_heuristics.pnml,experiments\process_discovery\results\figures\model_visualizations\bpi2019_1000_consistency_20_r3_heuristics.png,True,True,,,ok,
bpi2019_1000,consistency,20,3,inductive,data\degraded\consistency\consistency_20_r3.csv,bpi2019_1000_consistency_20_r3_inductive,7170,7170,0,1000,1000,96,96,,0.1584410573027204,0.7184970690312342,0.5934195064629847,0.6175894081992348,197,308,96,212,96,0,678,experiments\process_discovery\results\models\pnml\bpi2019_1000_consistency_20_r3_inductive.pnml,experiments\process_discovery\results\figures\model_visualizations\bpi2019_1000_consistency_20_r3_inductive.png,True,True,,,ok,
bpi2019_1000,consistency,20,4,alpha,data\degraded\consistency\consistency_20_r4.csv,bpi2019_1000_consistency_20_r4_alpha,7170,7170,0,1000,1000,87,87,,0.2022888885431092,0.5711063874105066,0.4508474576271186,0.3911271975689327,46,87,87,0,87,0,214,experiments\process_discovery\results\models\pnml\bpi2019_1000_consistency_20_r4_alpha.pnml,experiments\process_discovery\results\figures\model_visualizations\bpi2019_1000_consistency_20_r4_alpha.png,True,True,,,ok,
bpi2019_1000,consistency,20,4,heuristics,data\degraded\consistency\consistency_20_r4.csv,bpi2019_1000_consistency_20_r4_heuristics,7170,7170,0,1000,1000,87,87,,0.7510246461555277,0.3995822871924597,0.4191263282172373,0.5868431726722976,236,474,87,387,87,0,1202,experiments\process_discovery\results\models\pnml\bpi2019_1000_consistency_20_r4_heuristics.pnml,experiments\process_discovery\results\figures\model_visualizations\bpi2019_1000_consistency_20_r4_heuristics.png,True,True,,,ok,
bpi2019_1000,consistency,20,4,inductive,data\degraded\consistency\consistency_20_r4.csv,bpi2019_1000_consistency_20_r4_inductive,7170,7170,0,1000,1000,87,87,,0.169129115589891,0.7298740532700614,0.5990159901599017,0.6245047897549636,189,298,87,211,87,0,650,experiments\process_discovery\results\models\pnml\bpi2019_1000_consistency_20_r4_inductive.pnml,experiments\process_discovery\results\figures\model_visualizations\bpi2019_1000_consistency_20_r4_inductive.png,True,True,,,ok,
bpi2019_1000,consistency,20,5,alpha,data\degraded\consistency\consistency_20_r5.csv,bpi2019_1000_consistency_20_r5_alpha,7170,7170,0,1000,1000,92,92,,0.2302813539543378,0.5443582176112596,0.6666666666666666,0.4587200289869269,36,92,92,0,92,0,160,experiments\process_discovery\results\models\pnml\bpi2019_1000_consistency_20_r5_alpha.pnml,experiments\process_discovery\results\figures\model_visualizations\bpi2019_1000_consistency_20_r5_alpha.png,True,True,,,ok,
bpi2019_1000,consistency,20,5,heuristics,data\degraded\consistency\consistency_20_r5.csv,bpi2019_1000_consistency_20_r5_heuristics,7170,7170,0,1000,1000,92,92,,0.7768865305115074,0.396361637937653,0.4179016004742146,0.5888689972988032,239,466,92,374,92,0,1196,experiments\process_discovery\results\models\pnml\bpi2019_1000_consistency_20_r5_heuristics.pnml,experiments\process_discovery\results\figures\model_visualizations\bpi2019_1000_consistency_20_r5_heuristics.png,True,True,,,ok,
bpi2019_1000,consistency,20,5,inductive,data\degraded\consistency\consistency_20_r5.csv,bpi2019_1000_consistency_20_r5_inductive,7170,7170,0,1000,1000,92,92,,0.1761317585334315,0.7045429056459998,0.5754189944134078,0.6140234146482098,153,259,92,167,92,0,564,experiments\process_discovery\results\models\pnml\bpi2019_1000_consistency_20_r5_inductive.pnml,experiments\process_discovery\results\figures\model_visualizations\bpi2019_1000_consistency_20_r5_inductive.png,True,True,,,ok,
bpi2019_1000,consistency,30,1,alpha,data\degraded\consistency\consistency_30_r1.csv,bpi2019_1000_consistency_30_r1_alpha,7373,7373,0,1000,1000,99,99,,0.1830410430630795,0.5522156417821715,0.3071428571428571,0.3251460526274188,73,99,99,0,99,0,366,experiments\process_discovery\results\models\pnml\bpi2019_1000_consistency_30_r1_alpha.pnml,experiments\process_discovery\results\figures\model_visualizations\bpi2019_1000_consistency_30_r1_alpha.png,True,True,,,ok,
bpi2019_1000,consistency,30,1,heuristics,data\degraded\consistency\consistency_30_r1.csv,bpi2019_1000_consistency_30_r1_heuristics,7373,7373,0,1000,1000,99,99,,0.7542502618644751,0.3774037381618171,0.4015037593984962,0.5800213856565752,256,545,99,446,99,0,1398,experiments\process_discovery\results\models\pnml\bpi2019_1000_consistency_30_r1_heuristics.pnml,experiments\process_discovery\results\figures\model_visualizations\bpi2019_1000_consistency_30_r1_heuristics.png,True,True,,,ok,
bpi2019_1000,consistency,30,1,inductive,data\degraded\consistency\consistency_30_r1.csv,bpi2019_1000_consistency_30_r1_inductive,7373,7373,0,1000,1000,99,99,,0.1371838425790582,0.7090348445446168,0.5923970432946146,0.6096539326045725,215,346,99,247,99,0,754,experiments\process_discovery\results\models\pnml\bpi2019_1000_consistency_30_r1_inductive.pnml,experiments\process_discovery\results\figures\model_visualizations\bpi2019_1000_consistency_30_r1_inductive.png,True,True,,,ok,
bpi2019_1000,consistency,30,2,alpha,data\degraded\consistency\consistency_30_r2.csv,bpi2019_1000_consistency_30_r2_alpha,7373,7373,0,1000,1000,97,97,,0.163754811963281,0.5545479558078249,0.3744075829383886,0.3476720056424984,61,97,97,0,97,0,290,experiments\process_discovery\results\models\pnml\bpi2019_1000_consistency_30_r2_alpha.pnml,experiments\process_discovery\results\figures\model_visualizations\bpi2019_1000_consistency_30_r2_alpha.png,True,True,,,ok,
bpi2019_1000,consistency,30,2,heuristics,data\degraded\consistency\consistency_30_r2.csv,bpi2019_1000_consistency_30_r2_heuristics,7373,7373,0,1000,1000,97,97,,0.7523600439077937,0.3917045364749669,0.407815631262525,0.5842983167336105,271,543,97,446,97,0,1405,experiments\process_discovery\results\models\pnml\bpi2019_1000_consistency_30_r2_heuristics.pnml,experiments\process_discovery\results\figures\model_visualizations\bpi2019_1000_consistency_30_r2_heuristics.png,True,True,,,ok,
bpi2019_1000,consistency,30,2,inductive,data\degraded\consistency\consistency_30_r2.csv,bpi2019_1000_consistency_30_r2_inductive,7373,7373,0,1000,1000,97,97,,0.1395395915101169,0.7311776290018415,0.5856777493606138,0.614098742468143,175,283,97,186,97,0,620,experiments\process_discovery\results\models\pnml\bpi2019_1000_consistency_30_r2_inductive.pnml,experiments\process_discovery\results\figures\model_visualizations\bpi2019_1000_consistency_30_r2_inductive.png,True,True,,,ok,
bpi2019_1000,consistency,30,3,alpha,data\degraded\consistency\consistency_30_r3.csv,bpi2019_1000_consistency_30_r3_alpha,7373,7373,0,1000,1000,97,97,,0.1770612074694744,0.5507329960577415,0.4193548387096774,0.3625308038956054,46,97,97,0,97,0,242,experiments\process_discovery\results\models\pnml\bpi2019_1000_consistency_30_r3_alpha.pnml,experiments\process_discovery\results\figures\model_visualizations\bpi2019_1000_consistency_30_r3_alpha.png,True,True,,,ok,
bpi2019_1000,consistency,30,3,heuristics,data\degraded\consistency\consistency_30_r3.csv,bpi2019_1000_consistency_30_r3_heuristics,7373,7373,0,1000,1000,97,97,,0.7141329614132961,0.408661333011946,0.4081632653061224,0.579908473144302,269,531,97,434,97,0,1380,experiments\process_discovery\results\models\pnml\bpi2019_1000_consistency_30_r3_heuristics.pnml,experiments\process_discovery\results\figures\model_visualizations\bpi2019_1000_consistency_30_r3_heuristics.png,True,True,,,ok,
bpi2019_1000,consistency,30,3,inductive,data\degraded\consistency\consistency_30_r3.csv,bpi2019_1000_consistency_30_r3_inductive,7373,7373,0,1000,1000,97,97,,0.1468576702506133,0.701143766653438,0.5778364116094987,0.6064594621283876,160,278,97,181,97,0,598,experiments\process_discovery\results\models\pnml\bpi2019_1000_consistency_30_r3_inductive.pnml,experiments\process_discovery\results\figures\model_visualizations\bpi2019_1000_consistency_30_r3_inductive.png,True,True,,,ok,
bpi2019_1000,consistency,30,4,alpha,data\degraded\consistency\consistency_30_r4.csv,bpi2019_1000_consistency_30_r4_alpha,7373,7373,0,1000,1000,94,94,,0.1531301354252882,0.5717799049336202,0.3263157894736842,0.3320415600232438,61,94,94,0,94,0,315,experiments\process_discovery\results\models\pnml\bpi2019_1000_consistency_30_r4_alpha.pnml,experiments\process_discovery\results\figures\model_visualizations\bpi2019_1000_consistency_30_r4_alpha.png,True,True,,,ok,
bpi2019_1000,consistency,30,4,heuristics,data\degraded\consistency\consistency_30_r4.csv,bpi2019_1000_consistency_30_r4_heuristics,7373,7373,0,1000,1000,94,94,,0.6910965057449525,0.3768934483066088,0.4102812803103783,0.566617044162795,278,568,94,474,94,0,1454,experiments\process_discovery\results\models\pnml\bpi2019_1000_consistency_30_r4_heuristics.pnml,experiments\process_discovery\results\figures\model_visualizations\bpi2019_1000_consistency_30_r4_heuristics.png,True,True,,,ok,
bpi2019_1000,consistency,30,4,inductive,data\degraded\consistency\consistency_30_r4.csv,bpi2019_1000_consistency_30_r4_inductive,7373,7373,0,1000,1000,94,94,,0.150274469656373,0.7047811414180309,0.6016771488469602,0.614183189980341,221,353,94,259,94,0,764,experiments\process_discovery\results\models\pnml\bpi2019_1000_consistency_30_r4_inductive.pnml,experiments\process_discovery\results\figures\model_visualizations\bpi2019_1000_consistency_30_r4_inductive.png,True,True,,,ok,
bpi2019_1000,consistency,30,5,alpha,data\degraded\consistency\consistency_30_r5.csv,bpi2019_1000_consistency_30_r5_alpha,7373,7373,0,1000,1000,95,95,,0.1603535433419589,0.5666444145207895,0.4503311258278145,0.3767458902218621,41,95,95,0,95,0,219,experiments\process_discovery\results\models\pnml\bpi2019_1000_consistency_30_r5_alpha.pnml,experiments\process_discovery\results\figures\model_visualizations\bpi2019_1000_consistency_30_r5_alpha.png,True,True,,,ok,
bpi2019_1000,consistency,30,5,heuristics,data\degraded\consistency\consistency_30_r5.csv,bpi2019_1000_consistency_30_r5_heuristics,7373,7373,0,1000,1000,95,95,,0.7568750158996668,0.3867290756243949,0.4174563591022444,0.5869661592763366,275,562,95,467,95,0,1421,experiments\process_discovery\results\models\pnml\bpi2019_1000_consistency_30_r5_heuristics.pnml,experiments\process_discovery\results\figures\model_visualizations\bpi2019_1000_consistency_30_r5_heuristics.png,True,True,,,ok,
bpi2019_1000,consistency,30,5,inductive,data\degraded\consistency\consistency_30_r5.csv,bpi2019_1000_consistency_30_r5_inductive,7373,7373,0,1000,1000,95,95,,0.1465581835383159,0.7227815931027596,0.6025641025641025,0.6179759698012945,222,342,95,247,95,0,750,experiments\process_discovery\results\models\pnml\bpi2019_1000_consistency_30_r5_inductive.pnml,experiments\process_discovery\results\figures\model_visualizations\bpi2019_1000_consistency_30_r5_inductive.png,True,True,,,ok,
bpi2019_1000,timeliness,10,1,alpha,data\degraded\timeliness\timeliness_10_r1.csv,bpi2019_1000_timeliness_10_r1_alpha,6764,6764,0,1000,1000,30,30,,0.6572966164767848,0.6923414527867711,0.5,0.5231774703190253,18,30,30,0,30,0,72,experiments\process_discovery\results\models\pnml\bpi2019_1000_timeliness_10_r1_alpha.pnml,experiments\process_discovery\results\figures\model_visualizations\bpi2019_1000_timeliness_10_r1_alpha.png,True,True,,,ok,
bpi2019_1000,timeliness,10,1,heuristics,data\degraded\timeliness\timeliness_10_r1.csv,bpi2019_1000_timeliness_10_r1_heuristics,6764,6764,0,1000,1000,30,30,,0.7391194878066326,0.5271852024386474,0.4835164835164834,0.6716157948234034,58,118,30,88,30,0,270,experiments\process_discovery\results\models\pnml\bpi2019_1000_timeliness_10_r1_heuristics.pnml,experiments\process_discovery\results\figures\model_visualizations\bpi2019_1000_timeliness_10_r1_heuristics.png,True,True,,,ok,
bpi2019_1000,timeliness,10,1,inductive,data\degraded\timeliness\timeliness_10_r1.csv,bpi2019_1000_timeliness_10_r1_inductive,6764,6764,0,1000,1000,30,30,,0.2951270137909129,0.7946500135640964,0.6216216216216216,0.6778496622441577,58,80,30,50,30,0,180,experiments\process_discovery\results\models\pnml\bpi2019_1000_timeliness_10_r1_inductive.pnml,experiments\process_discovery\results\figures\model_visualizations\bpi2019_1000_timeliness_10_r1_inductive.png,True,True,,,ok,
bpi2019_1000,timeliness,10,2,alpha,data\degraded\timeliness\timeliness_10_r2.csv,bpi2019_1000_timeliness_10_r2_alpha,6764,6764,0,1000,1000,30,30,,0.6927263730826323,0.6923414527867711,0.4146341463414634,0.5040386209151336,21,30,30,0,30,0,87,experiments\process_discovery\results\models\pnml\bpi2019_1000_timeliness_10_r2_alpha.pnml,experiments\process_discovery\results\figures\model_visualizations\bpi2019_1000_timeliness_10_r2_alpha.png,True,True,,,ok,
bpi2019_1000,timeliness,10,2,heuristics,data\degraded\timeliness\timeliness_10_r2.csv,bpi2019_1000_timeliness_10_r2_heuristics,6764,6764,0,1000,1000,30,30,,0.755427388346643,0.5111602717738724,0.4707379134860051,0.6717253935667565,56,129,30,99,30,0,289,experiments\process_discovery\results\models\pnml\bpi2019_1000_timeliness_10_r2_heuristics.pnml,experiments\process_discovery\results\figures\model_visualizations\bpi2019_1000_timeliness_10_r2_heuristics.png,True,True,,,ok,
bpi2019_1000,timeliness,10,2,inductive,data\degraded\timeliness\timeliness_10_r2.csv,bpi2019_1000_timeliness_10_r2_inductive,6764,6764,0,1000,1000,30,30,,0.328590701000376,0.7880621613766939,0.6073059360730594,0.6809896996125323,57,76,30,46,30,0,176,experiments\process_discovery\results\models\pnml\bpi2019_1000_timeliness_10_r2_inductive.pnml,experiments\process_discovery\results\figures\model_visualizations\bpi2019_1000_timeliness_10_r2_inductive.png,True,True,,,ok,
bpi2019_1000,timeliness,10,3,alpha,data\degraded\timeliness\timeliness_10_r3.csv,bpi2019_1000_timeliness_10_r3_alpha,6764,6764,0,1000,1000,30,30,,0.5646739130434782,0.6923414527867711,0.6000000000000001,0.5231617083238385,15,30,30,0,30,0,60,experiments\process_discovery\results\models\pnml\bpi2019_1000_timeliness_10_r3_alpha.pnml,experiments\process_discovery\results\figures\model_visualizations\bpi2019_1000_timeliness_10_r3_alpha.png,True,True,,,ok,
bpi2019_1000,timeliness,10,3,heuristics,data\degraded\timeliness\timeliness_10_r3.csv,bpi2019_1000_timeliness_10_r3_heuristics,6764,6764,0,1000,1000,30,30,,0.7898019075568599,0.5247832127965186,0.488,0.6875326194052372,59,124,30,94,30,0,279,experiments\process_discovery\results\models\pnml\bpi2019_1000_timeliness_10_r3_heuristics.pnml,experiments\process_discovery\results\figures\model_visualizations\bpi2019_1000_timeliness_10_r3_heuristics.png,True,True,,,ok,
bpi2019_1000,timeliness,10,3,inductive,data\degraded\timeliness\timeliness_10_r3.csv,bpi2019_1000_timeliness_10_r3_inductive,6764,6764,0,1000,1000,30,30,,0.329408193761285,0.7758415456488603,0.6407185628742514,0.6864920755710991,90,124,30,94,30,0,274,experiments\process_discovery\results\models\pnml\bpi2019_1000_timeliness_10_r3_inductive.pnml,experiments\process_discovery\results\figures\model_visualizations\bpi2019_1000_timeliness_10_r3_inductive.png,True,True,,,ok,
bpi2019_1000,timeliness,10,4,alpha,data\degraded\timeliness\timeliness_10_r4.csv,bpi2019_1000_timeliness_10_r4_alpha,6764,6764,0,1000,1000,30,30,,0.5818896116442327,0.6923414527867711,0.6111111111111112,0.5271009113144649,14,30,30,0,30,0,58,experiments\process_discovery\results\models\pnml\bpi2019_1000_timeliness_10_r4_alpha.pnml,experiments\process_discovery\results\figures\model_visualizations\bpi2019_1000_timeliness_10_r4_alpha.png,True,True,,,ok,
bpi2019_1000,timeliness,10,4,heuristics,data\degraded\timeliness\timeliness_10_r4.csv,bpi2019_1000_timeliness_10_r4_heuristics,6764,6764,0,1000,1000,30,30,,0.8006940086381926,0.534528307522226,0.4772727272727272,0.6904996816154584,52,116,30,86,30,0,260,experiments\process_discovery\results\models\pnml\bpi2019_1000_timeliness_10_r4_heuristics.pnml,experiments\process_discovery\results\figures\model_visualizations\bpi2019_1000_timeliness_10_r4_heuristics.png,True,True,,,ok,
bpi2019_1000,timeliness,10,4,inductive,data\degraded\timeliness\timeliness_10_r4.csv,bpi2019_1000_timeliness_10_r4_inductive,6764,6764,0,1000,1000,30,30,,0.3431678979604723,0.7994252669547142,0.6205128205128204,0.6907764963570018,50,71,30,41,30,0,158,experiments\process_discovery\results\models\pnml\bpi2019_1000_timeliness_10_r4_inductive.pnml,experiments\process_discovery\results\figures\model_visualizations\bpi2019_1000_timeliness_10_r4_inductive.png,True,True,,,ok,
bpi2019_1000,timeliness,10,5,alpha,data\degraded\timeliness\timeliness_10_r5.csv,bpi2019_1000_timeliness_10_r5_alpha,6764,6764,0,1000,1000,30,30,,0.5640163343742494,0.6923414527867711,0.6103896103896105,0.5226825682278802,17,30,30,0,30,0,62,experiments\process_discovery\results\models\pnml\bpi2019_1000_timeliness_10_r5_alpha.pnml,experiments\process_discovery\results\figures\model_visualizations\bpi2019_1000_timeliness_10_r5_alpha.png,True,True,,,ok,
bpi2019_1000,timeliness,10,5,heuristics,data\degraded\timeliness\timeliness_10_r5.csv,bpi2019_1000_timeliness_10_r5_heuristics,6764,6764,0,1000,1000,30,30,,0.7147220525351252,0.4953076941927599,0.4973262032085561,0.6637753513700193,62,124,30,94,30,0,280,experiments\process_discovery\results\models\pnml\bpi2019_1000_timeliness_10_r5_heuristics.pnml,experiments\process_discovery\results\figures\model_visualizations\bpi2019_1000_timeliness_10_r5_heuristics.png,True,True,,,ok,
bpi2019_1000,timeliness,10,5,inductive,data\degraded\timeliness\timeliness_10_r5.csv,bpi2019_1000_timeliness_10_r5_inductive,6764,6764,0,1000,1000,30,30,,0.3141213977620803,0.7850327115644152,0.6163265306122448,0.678870159984685,63,88,30,58,30,0,198,experiments\process_discovery\results\models\pnml\bpi2019_1000_timeliness_10_r5_inductive.pnml,experiments\process_discovery\results\figures\model_visualizations\bpi2019_1000_timeliness_10_r5_inductive.png,True,True,,,ok,
bpi2019_1000,timeliness,20,1,alpha,data\degraded\timeliness\timeliness_20_r1.csv,bpi2019_1000_timeliness_20_r1_alpha,6764,6764,0,1000,1000,30,30,,0.6663848290856383,0.6923414527867711,0.5333333333333333,0.5254358992599452,18,30,30,0,30,0,69,experiments\process_discovery\results\models\pnml\bpi2019_1000_timeliness_20_r1_alpha.pnml,experiments\process_discovery\results\figures\model_visualizations\bpi2019_1000_timeliness_20_r1_alpha.png,True,True,,,ok,
bpi2019_1000,timeliness,20,1,heuristics,data\degraded\timeliness\timeliness_20_r1.csv,bpi2019_1000_timeliness_20_r1_heuristics,6764,6764,0,1000,1000,30,30,,0.7137585355223013,0.5093648101251536,0.4692144373673036,0.6513251682621618,73,148,30,118,30,0,346,experiments\process_discovery\results\models\pnml\bpi2019_1000_timeliness_20_r1_heuristics.pnml,experiments\process_discovery\results\figures\model_visualizations\bpi2019_1000_timeliness_20_r1_heuristics.png,True,True,,,ok,
bpi2019_1000,timeliness,20,1,inductive,data\degraded\timeliness\timeliness_20_r1.csv,bpi2019_1000_timeliness_20_r1_inductive,6764,6764,0,1000,1000,30,30,,0.272873067460438,0.7800565071200636,0.5927601809954751,0.6607002253899947,50,81,30,51,30,0,176,experiments\process_discovery\results\models\pnml\bpi2019_1000_timeliness_20_r1_inductive.pnml,experiments\process_discovery\results\figures\model_visualizations\bpi2019_1000_timeliness_20_r1_inductive.png,True,True,,,ok,
bpi2019_1000,timeliness,20,2,alpha,data\degraded\timeliness\timeliness_20_r2.csv,bpi2019_1000_timeliness_20_r2_alpha,6764,6764,0,1000,1000,30,30,,0.7122045969569439,0.6923414527867711,0.4791666666666667,0.5256574469107615,16,30,30,0,30,0,71,experiments\process_discovery\results\models\pnml\bpi2019_1000_timeliness_20_r2_alpha.pnml,experiments\process_discovery\results\figures\model_visualizations\bpi2019_1000_timeliness_20_r2_alpha.png,True,True,,,ok,
bpi2019_1000,timeliness,20,2,heuristics,data\degraded\timeliness\timeliness_20_r2.csv,bpi2019_1000_timeliness_20_r2_heuristics,6764,6764,0,1000,1000,30,30,,0.8259433490141127,0.5054043382453799,0.4633123689727463,0.6773455609853446,74,147,30,117,30,0,349,experiments\process_discovery\results\models\pnml\bpi2019_1000_timeliness_20_r2_heuristics.pnml,experiments\process_discovery\results\figures\model_visualizations\bpi2019_1000_timeliness_20_r2_heuristics.png,True,True,,,ok,
bpi2019_1000,timeliness,20,2,inductive,data\degraded\timeliness\timeliness_20_r2.csv,bpi2019_1000_timeliness_20_r2_inductive,6764,6764,0,1000,1000,30,30,,0.297469828698778,0.7290107375937493,0.6036866359447005,0.657541800559307,51,80,30,50,30,0,174,experiments\process_discovery\results\models\pnml\bpi2019_1000_timeliness_20_r2_inductive.pnml,experiments\process_discovery\results\figures\model_visualizations\bpi2019_1000_timeliness_20_r2_inductive.png,True,True,,,ok,
bpi2019_1000,timeliness,20,3,alpha,data\degraded\timeliness\timeliness_20_r3.csv,bpi2019_1000_timeliness_20_r3_alpha,6764,6764,0,1000,1000,30,30,,0.7639517345399698,0.6923414527867711,0.4513274336283185,0.5259828977625105,21,30,30,0,30,0,82,experiments\process_discovery\results\models\pnml\bpi2019_1000_timeliness_20_r3_alpha.pnml,experiments\process_discovery\results\figures\model_visualizations\bpi2019_1000_timeliness_20_r3_alpha.png,True,True,,,ok,
bpi2019_1000,timeliness,20,3,heuristics,data\degraded\timeliness\timeliness_20_r3.csv,bpi2019_1000_timeliness_20_r3_heuristics,6764,6764,0,1000,1000,30,30,,0.8045360321911962,0.4809279778602795,0.4688128772635815,0.6679518713735999,76,157,30,127,30,0,365,experiments\process_discovery\results\models\pnml\bpi2019_1000_timeliness_20_r3_heuristics.pnml,experiments\process_discovery\results\figures\model_visualizations\bpi2019_1000_timeliness_20_r3_heuristics.png,True,True,,,ok,
bpi2019_1000,timeliness,20,3,inductive,data\degraded\timeliness\timeliness_20_r3.csv,bpi2019_1000_timeliness_20_r3_inductive,6764,6764,0,1000,1000,30,30,,0.2614370681752118,0.8138943794833161,0.5864978902953586,0.6652696685021326,53,86,30,56,30,0,188,experiments\process_discovery\results\models\pnml\bpi2019_1000_timeliness_20_r3_inductive.pnml,experiments\process_discovery\results\figures\model_visualizations\bpi2019_1000_timeliness_20_r3_inductive.png,True,True,,,ok,
bpi2019_1000,timeliness,20,4,alpha,data\degraded\timeliness\timeliness_20_r4.csv,bpi2019_1000_timeliness_20_r4_alpha,6764,6764,0,1000,1000,30,30,,0.7455407842875276,0.6923414527867711,0.415929203539823,0.5123417168570377,17,30,30,0,30,0,80,experiments\process_discovery\results\models\pnml\bpi2019_1000_timeliness_20_r4_alpha.pnml,experiments\process_discovery\results\figures\model_visualizations\bpi2019_1000_timeliness_20_r4_alpha.png,True,True,,,ok,
bpi2019_1000,timeliness,20,4,heuristics,data\degraded\timeliness\timeliness_20_r4.csv,bpi2019_1000_timeliness_20_r4_heuristics,6764,6764,0,1000,1000,30,30,,0.7427585813661763,0.4863467082609757,0.4732142857142857,0.6537938623680098,72,140,30,110,30,0,330,experiments\process_discovery\results\models\pnml\bpi2019_1000_timeliness_20_r4_heuristics.pnml,experiments\process_discovery\results\figures\model_visualizations\bpi2019_1000_timeliness_20_r4_heuristics.png,True,True,,,ok,
bpi2019_1000,timeliness,20,4,inductive,data\degraded\timeliness\timeliness_20_r4.csv,bpi2019_1000_timeliness_20_r4_inductive,6764,6764,0,1000,1000,30,30,,0.2653638220787575,0.793388909334217,0.5859030837004405,0.6611639537783538,50,83,30,53,30,0,180,experiments\process_discovery\results\models\pnml\bpi2019_1000_timeliness_20_r4_inductive.pnml,experiments\process_discovery\results\figures\model_visualizations\bpi2019_1000_timeliness_20_r4_inductive.png,True,True,,,ok,
bpi2019_1000,timeliness,20,5,alpha,data\degraded\timeliness\timeliness_20_r5.csv,bpi2019_1000_timeliness_20_r5_alpha,6764,6764,0,1000,1000,30,30,,0.8337122934667273,0.6923414527867711,0.4693877551020408,0.5521134691829671,16,30,30,0,30,0,72,experiments\process_discovery\results\models\pnml\bpi2019_1000_timeliness_20_r5_alpha.pnml,experiments\process_discovery\results\figures\model_visualizations\bpi2019_1000_timeliness_20_r5_alpha.png,True,True,,,ok,
bpi2019_1000,timeliness,20,5,heuristics,data\degraded\timeliness\timeliness_20_r5.csv,bpi2019_1000_timeliness_20_r5_heuristics,6764,6764,0,1000,1000,30,30,,0.7685622933347909,0.5088388630151766,0.4763948497854077,0.6626780750185802,74,148,30,118,30,0,344,experiments\process_discovery\results\models\pnml\bpi2019_1000_timeliness_20_r5_heuristics.pnml,experiments\process_discovery\results\figures\model_visualizations\bpi2019_1000_timeliness_20_r5_heuristics.png,True,True,,,ok,
bpi2019_1000,timeliness,20,5,inductive,data\degraded\timeliness\timeliness_20_r5.csv,bpi2019_1000_timeliness_20_r5_inductive,6764,6764,0,1000,1000,30,30,,0.3466999632969421,0.7847644236069149,0.6073059360730594,0.684692580744229,56,77,30,47,30,0,176,experiments\process_discovery\results\models\pnml\bpi2019_1000_timeliness_20_r5_inductive.pnml,experiments\process_discovery\results\figures\model_visualizations\bpi2019_1000_timeliness_20_r5_inductive.png,True,True,,,ok,
bpi2019_1000,timeliness,30,1,alpha,data\degraded\timeliness\timeliness_30_r1.csv,bpi2019_1000_timeliness_30_r1_alpha,6764,6764,0,1000,1000,30,30,,0.7255927225843422,0.6923414527867711,0.4108527131782945,0.5055871093909364,23,30,30,0,30,0,91,experiments\process_discovery\results\models\pnml\bpi2019_1000_timeliness_30_r1_alpha.pnml,experiments\process_discovery\results\figures\model_visualizations\bpi2019_1000_timeliness_30_r1_alpha.png,True,True,,,ok,
bpi2019_1000,timeliness,30,1,heuristics,data\degraded\timeliness\timeliness_30_r1.csv,bpi2019_1000_timeliness_30_r1_heuristics,6764,6764,0,1000,1000,30,30,,0.7727899758592942,0.5051319477410889,0.4555765595463137,0.6589677773445559,82,159,30,129,30,0,385,experiments\process_discovery\results\models\pnml\bpi2019_1000_timeliness_30_r1_heuristics.pnml,experiments\process_discovery\results\figures\model_visualizations\bpi2019_1000_timeliness_30_r1_heuristics.png,True,True,,,ok,
bpi2019_1000,timeliness,30,1,inductive,data\degraded\timeliness\timeliness_30_r1.csv,bpi2019_1000_timeliness_30_r1_inductive,6764,6764,0,1000,1000,30,30,,0.291400714588506,0.7670752680649484,0.5804878048780487,0.6597409468828758,44,75,30,45,30,0,162,experiments\process_discovery\results\models\pnml\bpi2019_1000_timeliness_30_r1_inductive.pnml,experiments\process_discovery\results\figures\model_visualizations\bpi2019_1000_timeliness_30_r1_inductive.png,True,True,,,ok,
bpi2019_1000,timeliness,30,2,alpha,data\degraded\timeliness\timeliness_30_r2.csv,bpi2019_1000_timeliness_30_r2_alpha,6764,6764,0,1000,1000,30,30,,0.7146821941663039,0.6923414527867711,0.48,0.5247469543901604,18,30,30,0,30,0,74,experiments\process_discovery\results\models\pnml\bpi2019_1000_timeliness_30_r2_alpha.pnml,experiments\process_discovery\results\figures\model_visualizations\bpi2019_1000_timeliness_30_r2_alpha.png,True,True,,,ok,
bpi2019_1000,timeliness,30,2,heuristics,data\degraded\timeliness\timeliness_30_r2.csv,bpi2019_1000_timeliness_30_r2_heuristics,6764,6764,0,1000,1000,30,30,,0.8521807917730394,0.5207902886500793,0.467741935483871,0.6690997605581747,82,150,30,120,30,0,364,experiments\process_discovery\results\models\pnml\bpi2019_1000_timeliness_30_r2_heuristics.pnml,experiments\process_discovery\results\figures\model_visualizations\bpi2019_1000_timeliness_30_r2_heuristics.png,True,True,,,ok,
bpi2019_1000,timeliness,30,2,inductive,data\degraded\timeliness\timeliness_30_r2.csv,bpi2019_1000_timeliness_30_r2_inductive,6764,6764,0,1000,1000,30,30,,0.2512875952875952,0.7850556566532134,0.5829787234042554,0.654830493836266,52,85,30,55,30,0,186,experiments\process_discovery\results\models\pnml\bpi2019_1000_timeliness_30_r2_inductive.pnml,experiments\process_discovery\results\figures\model_visualizations\bpi2019_1000_timeliness_30_r2_inductive.png,True,True,,,ok,
bpi2019_1000,timeliness,30,3,alpha,data\degraded\timeliness\timeliness_30_r3.csv,bpi2019_1000_timeliness_30_r3_alpha,6764,6764,0,1000,1000,30,30,,0.8122157244964263,0.6923414527867711,0.4285714285714285,0.5329693521468917,21,30,30,0,30,0,85,experiments\process_discovery\results\models\pnml\bpi2019_1000_timeliness_30_r3_alpha.pnml,experiments\process_discovery\results\figures\model_visualizations\bpi2019_1000_timeliness_30_r3_alpha.png,True,True,,,ok,
bpi2019_1000,timeliness,30,3,heuristics,data\degraded\timeliness\timeliness_30_r3.csv,bpi2019_1000_timeliness_30_r3_heuristics,6764,6764,0,1000,1000,30,30,,0.7195615653658671,0.5130364165787729,0.4589178356713427,0.6510681238825985,73,156,30,126,30,0,364,experiments\process_discovery\results\models\pnml\bpi2019_1000_timeliness_30_r3_heuristics.pnml,experiments\process_discovery\results\figures\model_visualizations\bpi2019_1000_timeliness_30_r3_heuristics.png,True,True,,,ok,
bpi2019_1000,timeliness,30,3,inductive,data\degraded\timeliness\timeliness_30_r3.csv,bpi2019_1000_timeliness_30_r3_inductive,6764,6764,0,1000,1000,30,30,,0.2598408079997324,0.751999200946689,0.5932203389830509,0.6512352327700601,55,85,30,55,30,0,188,experiments\process_discovery\results\models\pnml\bpi2019_1000_timeliness_30_r3_inductive.pnml,experiments\process_discovery\results\figures\model_visualizations\bpi2019_1000_timeliness_30_r3_inductive.png,True,True,,,ok,
bpi2019_1000,timeliness,30,4,alpha,data\degraded\timeliness\timeliness_30_r4.csv,bpi2019_1000_timeliness_30_r4_alpha,6764,6764,0,1000,1000,30,30,,0.683551298581691,0.6923414527867711,0.408,0.4981432341898252,21,30,30,0,30,0,88,experiments\process_discovery\results\models\pnml\bpi2019_1000_timeliness_30_r4_alpha.pnml,experiments\process_discovery\results\figures\model_visualizations\bpi2019_1000_timeliness_30_r4_alpha.png,True,True,,,ok,
bpi2019_1000,timeliness,30,4,heuristics,data\degraded\timeliness\timeliness_30_r4.csv,bpi2019_1000_timeliness_30_r4_heuristics,6764,6764,0,1000,1000,30,30,,0.8224473889321902,0.5357935509783485,0.4766734279918864,0.6704735132477577,83,152,30,122,30,0,364,experiments\process_discovery\results\models\pnml\bpi2019_1000_timeliness_30_r4_heuristics.pnml,experiments\process_discovery\results\figures\model_visualizations\bpi2019_1000_timeliness_30_r4_heuristics.png,True,True,,,ok,
bpi2019_1000,timeliness,30,4,inductive,data\degraded\timeliness\timeliness_30_r4.csv,bpi2019_1000_timeliness_30_r4_inductive,6764,6764,0,1000,1000,30,30,,0.3054256283800093,0.7883211857944457,0.6000000000000001,0.6734367035436138,53,73,30,43,30,0,168,experiments\process_discovery\results\models\pnml\bpi2019_1000_timeliness_30_r4_inductive.pnml,experiments\process_discovery\results\figures\model_visualizations\bpi2019_1000_timeliness_30_r4_inductive.png,True,True,,,ok,
bpi2019_1000,timeliness,30,5,alpha,data\degraded\timeliness\timeliness_30_r5.csv,bpi2019_1000_timeliness_30_r5_alpha,6764,6764,0,1000,1000,30,30,,0.6332936034962257,0.6923414527867711,0.47368421052631576,0.5011342909080901,15,30,30,0,30,0,70,experiments\process_discovery\results\models\pnml\bpi2019_1000_timeliness_30_r5_alpha.pnml,experiments\process_discovery\results\figures\model_visualizations\bpi2019_1000_timeliness_30_r5_alpha.png,True,True,,,ok,
bpi2019_1000,timeliness,30,5,heuristics,data\degraded\timeliness\timeliness_30_r5.csv,bpi2019_1000_timeliness_30_r5_heuristics,6764,6764,0,1000,1000,30,30,,0.7415423675023802,0.48112747279761636,0.46906187624750495,0.6497719324821112,80,155,30,125,30,0,368,experiments\process_discovery\results\models\pnml\bpi2019_1000_timeliness_30_r5_heuristics.pnml,experiments\process_discovery\results\figures\model_visualizations\bpi2019_1000_timeliness_30_r5_heuristics.png,True,True,,,ok,
bpi2019_1000,timeliness,30,5,inductive,data\degraded\timeliness\timeliness_30_r5.csv,bpi2019_1000_timeliness_30_r5_inductive,6764,6764,0,1000,1000,30,30,,0.2511031332318191,0.7882637583728859,0.5897435897435898,0.6572551735270279,53,85,30,55,30,0,186,experiments\process_discovery\results\models\pnml\bpi2019_1000_timeliness_30_r5_inductive.pnml,experiments\process_discovery\results\figures\model_visualizations\bpi2019_1000_timeliness_30_r5_inductive.png,True,True,,,ok,
